Tree_ID,Original_FASTA_ID,Hill_ID,Transcript_ID,Species,Species_code,Gene_symbol,Family,Protein_accession,Accession_ID,NCBI_description,Database_source
HillOBP54,OBP54,HillOBP54,XM_038046531.1,Hermetia illucens,Hill,OBP54,OBP,XP_037902459.1,XM_038046531.1,Odorant-binding protein OBP54 [Hermetia illucens]; gene name based on Drosophila ortholog nomenclature; see accompanying FASTA for sequence,NCBI (Hermetia illucens genome GCF_905115235.1)
HillOBP70,OBP70,HillOBP70,XM_038046781.1,Hermetia illucens,Hill,OBP70,OBP,XP_037902709.1,XM_038046781.1,Odorant-binding protein OBP70 [Hermetia illucens]; gene name based on Drosophila ortholog nomenclature; see accompanying FASTA for sequence,NCBI (Hermetia illucens genome GCF_905115235.1)
HillOBP55,OBP55,HillOBP55,XM_038046837.1,Hermetia illucens,Hill,OBP55,OBP,XP_037902765.1,XM_038046837.1,Odorant-binding protein OBP55 [Hermetia illucens]; gene name based on Drosophila ortholog nomenclature; see accompanying FASTA for sequence,NCBI (Hermetia illucens genome GCF_905115235.1)
HillOBP59,OBP59,HillOBP59,XM_038047010.1,Hermetia illucens,Hill,OBP59,OBP,XP_037902938.1,XM_038047010.1,Odorant-binding protein OBP59 [Hermetia illucens]; gene name based on Drosophila ortholog nomenclature; see accompanying FASTA for sequence,NCBI (Hermetia illucens genome GCF_905115235.1)
HillOBP73,OBP73,HillOBP73,XM_038047169.1,Hermetia illucens,Hill,OBP73,OBP,XP_037903097.1,XM_038047169.1,Odorant-binding protein OBP73 [Hermetia illucens]; gene name based on Drosophila ortholog nomenclature; see accompanying FASTA for sequence,NCBI (Hermetia illucens genome GCF_905115235.1)
HillOBP72,OBP72,HillOBP72,XM_038047414.1,Hermetia illucens,Hill,OBP72,OBP,XP_037903342.1,XM_038047414.1,Odorant-binding protein OBP72 [Hermetia illucens]; gene name based on Drosophila ortholog nomenclature; see accompanying FASTA for sequence,NCBI (Hermetia illucens genome GCF_905115235.1)
HillOBP58,OBP58,HillOBP58,XM_038048096.1,Hermetia illucens,Hill,OBP58,OBP,XP_037904024.1,XM_038048096.1,Odorant-binding protein OBP58 [Hermetia illucens]; gene name based on Drosophila ortholog nomenclature; see accompanying FASTA for sequence,NCBI (Hermetia illucens genome GCF_905115235.1)
HillOBP51,OBP51,HillOBP51,XM_038050025.1,Hermetia illucens,Hill,OBP51,OBP,XP_037905953.1,XM_038050025.1,Odorant-binding protein OBP51 [Hermetia illucens]; gene name based on Drosophila ortholog nomenclature; see accompanying FASTA for sequence,NCBI (Hermetia illucens genome GCF_905115235.1)
HillOBP75,OBP75,HillOBP75,XM_038050168.1,Hermetia illucens,Hill,OBP75,OBP,XP_037906096.1,XM_038050168.1,Odorant-binding protein OBP75 [Hermetia illucens]; gene name based on Drosophila ortholog nomenclature; see accompanying FASTA for sequence,NCBI (Hermetia illucens genome GCF_905115235.1)
HillOBP76,OBP76,HillOBP76,XM_038050478.1,Hermetia illucens,Hill,OBP76,OBP,XP_037906406.1,XM_038050478.1,Odorant-binding protein OBP76 [Hermetia illucens]; gene name based on Drosophila ortholog nomenclature; see accompanying FASTA for sequence,NCBI (Hermetia illucens genome GCF_905115235.1)
HillOBP74,OBP74,HillOBP74,XM_038051028.1,Hermetia illucens,Hill,OBP74,OBP,XP_037906956.1,XM_038051028.1,Odorant-binding protein OBP74 [Hermetia illucens]; gene name based on Drosophila ortholog nomenclature; see accompanying FASTA for sequence,NCBI (Hermetia illucens genome GCF_905115235.1)
HillOBP6,OBP6,HillOBP6,XM_038054947.1,Hermetia illucens,Hill,OBP6,OBP,XP_037910875.1,XM_038054947.1,Odorant-binding protein OBP6 [Hermetia illucens]; gene name based on Drosophila ortholog nomenclature; see accompanying FASTA for sequence,NCBI (Hermetia illucens genome GCF_905115235.1)
HillOBP5,OBP5,HillOBP5,XM_038055216.1,Hermetia illucens,Hill,OBP5,OBP,XP_037911144.1,XM_038055216.1,Odorant-binding protein OBP5 [Hermetia illucens]; gene name based on Drosophila ortholog nomenclature; see accompanying FASTA for sequence,NCBI (Hermetia illucens genome GCF_905115235.1)
HillOBP7,OBP7,HillOBP7,XM_038057025.1,Hermetia illucens,Hill,OBP7,OBP,XP_037912953.1,XM_038057025.1,Odorant-binding protein OBP7 [Hermetia illucens]; gene name based on Drosophila ortholog nomenclature; see accompanying FASTA for sequence,NCBI (Hermetia illucens genome GCF_905115235.1)
HillOBP32,OBP32,HillOBP32,XM_038058016.1,Hermetia illucens,Hill,OBP32,OBP,XP_037913944.1,XM_038058016.1,Odorant-binding protein OBP32 [Hermetia illucens]; gene name based on Drosophila ortholog nomenclature; see accompanying FASTA for sequence,NCBI (Hermetia illucens genome GCF_905115235.1)
HillOBP34,OBP34,HillOBP34,XM_038058075.1,Hermetia illucens,Hill,OBP34,OBP,XP_037914003.1,XM_038058075.1,Odorant-binding protein OBP34 [Hermetia illucens]; gene name based on Drosophila ortholog nomenclature; see accompanying FASTA for sequence,NCBI (Hermetia illucens genome GCF_905115235.1)
HillOBP62,OBP62,HillOBP62,XM_038058076.1,Hermetia illucens,Hill,OBP62,OBP,XP_037914004.1,XM_038058076.1,Odorant-binding protein OBP62 [Hermetia illucens]; gene name based on Drosophila ortholog nomenclature; see accompanying FASTA for sequence,NCBI (Hermetia illucens genome GCF_905115235.1)
HillOBP19,OBP19,HillOBP19,XM_038058345.1,Hermetia illucens,Hill,OBP19,OBP,XP_037914273.1,XM_038058345.1,Odorant-binding protein OBP19 [Hermetia illucens]; gene name based on Drosophila ortholog nomenclature; see accompanying FASTA for sequence,NCBI (Hermetia illucens genome GCF_905115235.1)
HillOBP3,OBP3,HillOBP3,XM_038058346.1,Hermetia illucens,Hill,OBP3,OBP,XP_037914274.1,XM_038058346.1,Odorant-binding protein OBP3 [Hermetia illucens]; gene name based on Drosophila ortholog nomenclature; see accompanying FASTA for sequence,NCBI (Hermetia illucens genome GCF_905115235.1)
HillOBP44,OBP44,HillOBP44,XM_038059801.1,Hermetia illucens,Hill,OBP44,OBP,XP_037915729.1,XM_038059801.1,Odorant-binding protein OBP44 [Hermetia illucens]; gene name based on Drosophila ortholog nomenclature; see accompanying FASTA for sequence,NCBI (Hermetia illucens genome GCF_905115235.1)
HillOBP41,OBP41,HillOBP41,XM_038059952.1,Hermetia illucens,Hill,OBP41,OBP,XP_037915880.1,XM_038059952.1,Odorant-binding protein OBP41 [Hermetia illucens]; gene name based on Drosophila ortholog nomenclature; see accompanying FASTA for sequence,NCBI (Hermetia illucens genome GCF_905115235.1)
HillOBP21,OBP21,HillOBP21,XM_038059982.1,Hermetia illucens,Hill,OBP21,OBP,XP_037915910.1,XM_038059982.1,Odorant-binding protein OBP21 [Hermetia illucens]; gene name based on Drosophila ortholog nomenclature; see accompanying FASTA for sequence,NCBI (Hermetia illucens genome GCF_905115235.1)
HillOBP56,OBP56,HillOBP56,XM_038060084.1,Hermetia illucens,Hill,OBP56,OBP,XP_037916012.1,XM_038060084.1,Odorant-binding protein OBP56 [Hermetia illucens]; gene name based on Drosophila ortholog nomenclature; see accompanying FASTA for sequence,NCBI (Hermetia illucens genome GCF_905115235.1)
HillOBP57,OBP57,HillOBP57,XM_038060085.1,Hermetia illucens,Hill,OBP57,OBP,XP_037916013.1,XM_038060085.1,Odorant-binding protein OBP57 [Hermetia illucens]; gene name based on Drosophila ortholog nomenclature; see accompanying FASTA for sequence,NCBI (Hermetia illucens genome GCF_905115235.1)
HillOBP63,OBP63,HillOBP63,XM_038060086.1,Hermetia illucens,Hill,OBP63,OBP,XP_037916014.1,XM_038060086.1,Odorant-binding protein OBP63 [Hermetia illucens]; gene name based on Drosophila ortholog nomenclature; see accompanying FASTA for sequence,NCBI (Hermetia illucens genome GCF_905115235.1)
HillOBP37,OBP37,HillOBP37,XM_038060166.1,Hermetia illucens,Hill,OBP37,OBP,XP_037916094.1,XM_038060166.1,Odorant-binding protein OBP37 [Hermetia illucens]; gene name based on Drosophila ortholog nomenclature; see accompanying FASTA for sequence,NCBI (Hermetia illucens genome GCF_905115235.1)
HillOBP12,OBP12,HillOBP12,XM_038060201.1,Hermetia illucens,Hill,OBP12,OBP,XP_037916129.1,XM_038060201.1,Odorant-binding protein OBP12 [Hermetia illucens]; gene name based on Drosophila ortholog nomenclature; see accompanying FASTA for sequence,NCBI (Hermetia illucens genome GCF_905115235.1)
HillOBP14,OBP14,HillOBP14,XM_038060202.1,Hermetia illucens,Hill,OBP14,OBP,XP_037916130.1,XM_038060202.1,Odorant-binding protein OBP14 [Hermetia illucens]; gene name based on Drosophila ortholog nomenclature; see accompanying FASTA for sequence,NCBI (Hermetia illucens genome GCF_905115235.1)
HillOBP13,OBP13,HillOBP13,XM_038060204.1,Hermetia illucens,Hill,OBP13,OBP,XP_037916132.1,XM_038060204.1,Odorant-binding protein OBP13 [Hermetia illucens]; gene name based on Drosophila ortholog nomenclature; see accompanying FASTA for sequence,NCBI (Hermetia illucens genome GCF_905115235.1)
HillOBP17,OBP17,HillOBP17,XM_038060329.1,Hermetia illucens,Hill,OBP17,OBP,XP_037916257.1,XM_038060329.1,Odorant-binding protein OBP17 [Hermetia illucens]; gene name based on Drosophila ortholog nomenclature; see accompanying FASTA for sequence,NCBI (Hermetia illucens genome GCF_905115235.1)
HillOBP40,OBP40,HillOBP40,XM_038060363.1,Hermetia illucens,Hill,OBP40,OBP,XP_037916291.1,XM_038060363.1,Odorant-binding protein OBP40 [Hermetia illucens]; gene name based on Drosophila ortholog nomenclature; see accompanying FASTA for sequence,NCBI (Hermetia illucens genome GCF_905115235.1)
HillOBP43,OBP43,HillOBP43,XM_038060365.1,Hermetia illucens,Hill,OBP43,OBP,XP_037916293.1,XM_038060365.1,Odorant-binding protein OBP43 [Hermetia illucens]; gene name based on Drosophila ortholog nomenclature; see accompanying FASTA for sequence,NCBI (Hermetia illucens genome GCF_905115235.1)
HillOBP25,OBP25,HillOBP25,XM_038060431.1,Hermetia illucens,Hill,OBP25,OBP,XP_037916359.1,XM_038060431.1,Odorant-binding protein OBP25 [Hermetia illucens]; gene name based on Drosophila ortholog nomenclature; see accompanying FASTA for sequence,NCBI (Hermetia illucens genome GCF_905115235.1)
HillOBP28,OBP28,HillOBP28,XM_038060593.1,Hermetia illucens,Hill,OBP28,OBP,XP_037916521.1,XM_038060593.1,Odorant-binding protein OBP28 [Hermetia illucens]; gene name based on Drosophila ortholog nomenclature; see accompanying FASTA for sequence,NCBI (Hermetia illucens genome GCF_905115235.1)
HillOBP35,OBP35,HillOBP35,XM_038060661.1,Hermetia illucens,Hill,OBP35,OBP,XP_037916589.1,XM_038060661.1,Odorant-binding protein OBP35 [Hermetia illucens]; gene name based on Drosophila ortholog nomenclature; see accompanying FASTA for sequence,NCBI (Hermetia illucens genome GCF_905115235.1)
HillOBP46,OBP46,HillOBP46,XM_038060671.1,Hermetia illucens,Hill,OBP46,OBP,XP_037916599.1,XM_038060671.1,Odorant-binding protein OBP46 [Hermetia illucens]; gene name based on Drosophila ortholog nomenclature; see accompanying FASTA for sequence,NCBI (Hermetia illucens genome GCF_905115235.1)
HillOBP33,OBP33,HillOBP33,XM_038060683.1,Hermetia illucens,Hill,OBP33,OBP,XP_037916611.1,XM_038060683.1,Odorant-binding protein OBP33 [Hermetia illucens]; gene name based on Drosophila ortholog nomenclature; see accompanying FASTA for sequence,NCBI (Hermetia illucens genome GCF_905115235.1)
HillOBP48,OBP48,HillOBP48,XM_038060903.1,Hermetia illucens,Hill,OBP48,OBP,XP_037916831.1,XM_038060903.1,Odorant-binding protein OBP48 [Hermetia illucens]; gene name based on Drosophila ortholog nomenclature; see accompanying FASTA for sequence,NCBI (Hermetia illucens genome GCF_905115235.1)
HillOBP50,OBP50,HillOBP50,XM_038060910.1,Hermetia illucens,Hill,OBP50,OBP,XP_037916838.1,XM_038060910.1,Odorant-binding protein OBP50 [Hermetia illucens]; gene name based on Drosophila ortholog nomenclature; see accompanying FASTA for sequence,NCBI (Hermetia illucens genome GCF_905115235.1)
HillOBP10,OBP10,HillOBP10,XM_038060985.1,Hermetia illucens,Hill,OBP10,OBP,XP_037916913.1,XM_038060985.1,Odorant-binding protein OBP10 [Hermetia illucens]; gene name based on Drosophila ortholog nomenclature; see accompanying FASTA for sequence,NCBI (Hermetia illucens genome GCF_905115235.1)
HillOBP60,OBP60,HillOBP60,XM_038061000.1,Hermetia illucens,Hill,OBP60,OBP,XP_037916928.1,XM_038061000.1,Odorant-binding protein OBP60 [Hermetia illucens]; gene name based on Drosophila ortholog nomenclature; see accompanying FASTA for sequence,NCBI (Hermetia illucens genome GCF_905115235.1)
HillOBP11,OBP11,HillOBP11,XM_038061022.1,Hermetia illucens,Hill,OBP11,OBP,XP_037916950.1,XM_038061022.1,Odorant-binding protein OBP11 [Hermetia illucens]; gene name based on Drosophila ortholog nomenclature; see accompanying FASTA for sequence,NCBI (Hermetia illucens genome GCF_905115235.1)
HillOBP42,OBP42,HillOBP42,XM_038061274.1,Hermetia illucens,Hill,OBP42,OBP,XP_037917202.1,XM_038061274.1,Odorant-binding protein OBP42 [Hermetia illucens]; gene name based on Drosophila ortholog nomenclature; see accompanying FASTA for sequence,NCBI (Hermetia illucens genome GCF_905115235.1)
HillOBP15,OBP15,HillOBP15,XM_038061295.1,Hermetia illucens,Hill,OBP15,OBP,XP_037917223.1,XM_038061295.1,Odorant-binding protein OBP15 [Hermetia illucens]; gene name based on Drosophila ortholog nomenclature; see accompanying FASTA for sequence,NCBI (Hermetia illucens genome GCF_905115235.1)
HillOBP16,OBP16,HillOBP16,XM_038061296.1,Hermetia illucens,Hill,OBP16,OBP,XP_037917224.1,XM_038061296.1,Odorant-binding protein OBP16 [Hermetia illucens]; gene name based on Drosophila ortholog nomenclature; see accompanying FASTA for sequence,NCBI (Hermetia illucens genome GCF_905115235.1)
HillOBP18,OBP18,HillOBP18,XM_038061297.1,Hermetia illucens,Hill,OBP18,OBP,XP_037917225.1,XM_038061297.1,Odorant-binding protein OBP18 [Hermetia illucens]; gene name based on Drosophila ortholog nomenclature; see accompanying FASTA for sequence,NCBI (Hermetia illucens genome GCF_905115235.1)
HillOBP27,OBP27,HillOBP27,XM_038061390.1,Hermetia illucens,Hill,OBP27,OBP,XP_037917318.1,XM_038061390.1,Odorant-binding protein OBP27 [Hermetia illucens]; gene name based on Drosophila ortholog nomenclature; see accompanying FASTA for sequence,NCBI (Hermetia illucens genome GCF_905115235.1)
HillOBP61,OBP61,HillOBP61,XM_038061818.1,Hermetia illucens,Hill,OBP61,OBP,XP_037917746.1,XM_038061818.1,Odorant-binding protein OBP61 [Hermetia illucens]; gene name based on Drosophila ortholog nomenclature; see accompanying FASTA for sequence,NCBI (Hermetia illucens genome GCF_905115235.1)
HillOBP45,OBP45,HillOBP45,XM_038061932.1,Hermetia illucens,Hill,OBP45,OBP,XP_037917860.1,XM_038061932.1,Odorant-binding protein OBP45 [Hermetia illucens]; gene name based on Drosophila ortholog nomenclature; see accompanying FASTA for sequence,NCBI (Hermetia illucens genome GCF_905115235.1)
HillOBP39,OBP39,HillOBP39,XM_038061934.1,Hermetia illucens,Hill,OBP39,OBP,XP_037917862.1,XM_038061934.1,Odorant-binding protein OBP39 [Hermetia illucens]; gene name based on Drosophila ortholog nomenclature; see accompanying FASTA for sequence,NCBI (Hermetia illucens genome GCF_905115235.1)
HillOBP49,OBP49,HillOBP49,XM_038062085.1,Hermetia illucens,Hill,OBP49,OBP,XP_037918013.1,XM_038062085.1,Odorant-binding protein OBP49 [Hermetia illucens]; gene name based on Drosophila ortholog nomenclature; see accompanying FASTA for sequence,NCBI (Hermetia illucens genome GCF_905115235.1)
HillOBP24,OBP24,HillOBP24,XM_038062205.1,Hermetia illucens,Hill,OBP24,OBP,XP_037918133.1,XM_038062205.1,Odorant-binding protein OBP24 [Hermetia illucens]; gene name based on Drosophila ortholog nomenclature; see accompanying FASTA for sequence,NCBI (Hermetia illucens genome GCF_905115235.1)
HillOBP23,OBP23,HillOBP23,XM_038062206.1,Hermetia illucens,Hill,OBP23,OBP,XP_037918134.1,XM_038062206.1,Odorant-binding protein OBP23 [Hermetia illucens]; gene name based on Drosophila ortholog nomenclature; see accompanying FASTA for sequence,NCBI (Hermetia illucens genome GCF_905115235.1)
HillOBP26,OBP26,HillOBP26,XM_038062207.1,Hermetia illucens,Hill,OBP26,OBP,XP_037918135.1,XM_038062207.1,Odorant-binding protein OBP26 [Hermetia illucens]; gene name based on Drosophila ortholog nomenclature; see accompanying FASTA for sequence,NCBI (Hermetia illucens genome GCF_905115235.1)
HillOBP31,OBP31,HillOBP31,XM_038062282.1,Hermetia illucens,Hill,OBP31,OBP,XP_037918210.1,XM_038062282.1,Odorant-binding protein OBP31 [Hermetia illucens]; gene name based on Drosophila ortholog nomenclature; see accompanying FASTA for sequence,NCBI (Hermetia illucens genome GCF_905115235.1)
HillOBP29,OBP29,HillOBP29,XM_038062283.1,Hermetia illucens,Hill,OBP29,OBP,XP_037918211.1,XM_038062283.1,Odorant-binding protein OBP29 [Hermetia illucens]; gene name based on Drosophila ortholog nomenclature; see accompanying FASTA for sequence,NCBI (Hermetia illucens genome GCF_905115235.1)
HillOBP30,OBP30,HillOBP30,XM_038062284.1,Hermetia illucens,Hill,OBP30,OBP,XP_037918212.1,XM_038062284.1,Odorant-binding protein OBP30 [Hermetia illucens]; gene name based on Drosophila ortholog nomenclature; see accompanying FASTA for sequence,NCBI (Hermetia illucens genome GCF_905115235.1)
HillOBP22,OBP22,HillOBP22,XM_038062393.1,Hermetia illucens,Hill,OBP22,OBP,XP_037918321.1,XM_038062393.1,Odorant-binding protein OBP22 [Hermetia illucens]; gene name based on Drosophila ortholog nomenclature; see accompanying FASTA for sequence,NCBI (Hermetia illucens genome GCF_905115235.1)
HillOBP47,OBP47,HillOBP47,XM_038062402.1,Hermetia illucens,Hill,OBP47,OBP,XP_037918330.1,XM_038062402.1,Odorant-binding protein OBP47 [Hermetia illucens]; gene name based on Drosophila ortholog nomenclature; see accompanying FASTA for sequence,NCBI (Hermetia illucens genome GCF_905115235.1)
HillOBP20,OBP20,HillOBP20,XM_038062534.1,Hermetia illucens,Hill,OBP20,OBP,XP_037918462.1,XM_038062534.1,Odorant-binding protein OBP20 [Hermetia illucens]; gene name based on Drosophila ortholog nomenclature; see accompanying FASTA for sequence,NCBI (Hermetia illucens genome GCF_905115235.1)
HillOBP2,OBP2,HillOBP2,XM_038063543.1,Hermetia illucens,Hill,OBP2,OBP,XP_037919471.1,XM_038063543.1,Odorant-binding protein OBP2 [Hermetia illucens]; gene name based on Drosophila ortholog nomenclature; see accompanying FASTA for sequence,NCBI (Hermetia illucens genome GCF_905115235.1)
HillOBP1,OBP1,HillOBP1,XM_038063544.1,Hermetia illucens,Hill,OBP1,OBP,XP_037919472.1,XM_038063544.1,Odorant-binding protein OBP1 [Hermetia illucens]; gene name based on Drosophila ortholog nomenclature; see accompanying FASTA for sequence,NCBI (Hermetia illucens genome GCF_905115235.1)
HillOBP71,OBP71,HillOBP71,XM_038067365.1,Hermetia illucens,Hill,OBP71,OBP,XP_037923293.1,XM_038067365.1,Odorant-binding protein OBP71 [Hermetia illucens]; gene name based on Drosophila ortholog nomenclature; see accompanying FASTA for sequence,NCBI (Hermetia illucens genome GCF_905115235.1)
HillOBP8,OBP8,HillOBP8,XM_038068076.1,Hermetia illucens,Hill,OBP8,OBP,XP_037924004.1,XM_038068076.1,Odorant-binding protein OBP8 [Hermetia illucens]; gene name based on Drosophila ortholog nomenclature; see accompanying FASTA for sequence,NCBI (Hermetia illucens genome GCF_905115235.1)
HillOBP9,OBP9,HillOBP9,XM_038068077.1,Hermetia illucens,Hill,OBP9,OBP,XP_037924005.1,XM_038068077.1,Odorant-binding protein OBP9 [Hermetia illucens]; gene name based on Drosophila ortholog nomenclature; see accompanying FASTA for sequence,NCBI (Hermetia illucens genome GCF_905115235.1)
HillOBP66,OBP66,HillOBP66,XM_038070338.1,Hermetia illucens,Hill,OBP66,OBP,XP_037926266.1,XM_038070338.1,Odorant-binding protein OBP66 [Hermetia illucens]; gene name based on Drosophila ortholog nomenclature; see accompanying FASTA for sequence,NCBI (Hermetia illucens genome GCF_905115235.1)
HillOBP65,OBP65,HillOBP65,XM_038070339.1,Hermetia illucens,Hill,OBP65,OBP,XP_037926267.1,XM_038070339.1,Odorant-binding protein OBP65 [Hermetia illucens]; gene name based on Drosophila ortholog nomenclature; see accompanying FASTA for sequence,NCBI (Hermetia illucens genome GCF_905115235.1)
HillOBP68,OBP68,HillOBP68,XM_038070782.1,Hermetia illucens,Hill,OBP68,OBP,XP_037926710.1,XM_038070782.1,Odorant-binding protein OBP68 [Hermetia illucens]; gene name based on Drosophila ortholog nomenclature; see accompanying FASTA for sequence,NCBI (Hermetia illucens genome GCF_905115235.1)
HillOBP67,OBP67,HillOBP67,XM_038070783.1,Hermetia illucens,Hill,OBP67,OBP,XP_037926711.1,XM_038070783.1,Odorant-binding protein OBP67 [Hermetia illucens]; gene name based on Drosophila ortholog nomenclature; see accompanying FASTA for sequence,NCBI (Hermetia illucens genome GCF_905115235.1)
HillOBP69,OBP69,HillOBP69,XM_038070784.1,Hermetia illucens,Hill,OBP69,OBP,XP_037926712.1,XM_038070784.1,Odorant-binding protein OBP69 [Hermetia illucens]; gene name based on Drosophila ortholog nomenclature; see accompanying FASTA for sequence,NCBI (Hermetia illucens genome GCF_905115235.1)
HillOBP38,OBP38,HillOBP38,XM_038070843.1,Hermetia illucens,Hill,OBP38,OBP,XP_037926771.1,XM_038070843.1,Odorant-binding protein OBP38 [Hermetia illucens]; gene name based on Drosophila ortholog nomenclature; see accompanying FASTA for sequence,NCBI (Hermetia illucens genome GCF_905115235.1)
HillOBP53,OBP53,HillOBP53,XM_038070956.1,Hermetia illucens,Hill,OBP53,OBP,XP_037926884.1,XM_038070956.1,Odorant-binding protein OBP53 [Hermetia illucens]; gene name based on Drosophila ortholog nomenclature; see accompanying FASTA for sequence,NCBI (Hermetia illucens genome GCF_905115235.1)
HillOBP64,OBP64,HillOBP64,XM_038070977.1,Hermetia illucens,Hill,OBP64,OBP,XP_037926905.1,XM_038070977.1,Odorant-binding protein OBP64 [Hermetia illucens]; gene name based on Drosophila ortholog nomenclature; see accompanying FASTA for sequence,NCBI (Hermetia illucens genome GCF_905115235.1)
HillOBP36,OBP36,HillOBP36,XM_038070999.1,Hermetia illucens,Hill,OBP36,OBP,XP_037926927.1,XM_038070999.1,Odorant-binding protein OBP36 [Hermetia illucens]; gene name based on Drosophila ortholog nomenclature; see accompanying FASTA for sequence,NCBI (Hermetia illucens genome GCF_905115235.1)
HillOBP52,OBP52,HillOBP52,XM_038071101.1,Hermetia illucens,Hill,OBP52,OBP,XP_037927029.1,XM_038071101.1,Odorant-binding protein OBP52 [Hermetia illucens]; gene name based on Drosophila ortholog nomenclature; see accompanying FASTA for sequence,NCBI (Hermetia illucens genome GCF_905115235.1)
DmelOBP8a,DmelOBP8a,,,Drosophila melanogaster,Dmel,OBP8a,OBP,NP_727322.1,NP_727322.1,Odorant-binding protein 8a [Drosophila melanogaster],FlyBase/NCBI
DmelOBP18a,DmelOBP18a,,,Drosophila melanogaster,Dmel,OBP18a,OBP,NP_573350.1,NP_573350.1,Odorant-binding protein 18a [Drosophila melanogaster],FlyBase/NCBI
DmelOBP19a,DmelOBP19a,,,Drosophila melanogaster,Dmel,OBP19a,OBP,Q9VR94.2,Q9VR94.2,RecName: Full=General odorant-binding protein 19a; Flags: Precursor,FlyBase/NCBI
DmelOBP19b,DmelOBP19b,,,Drosophila melanogaster,Dmel,OBP19b,OBP,NP_608391.2,NP_608391.2,Odorant-binding protein 19b [Drosophila melanogaster],FlyBase/NCBI
DmelOBP19c,DmelOBP19c,,,Drosophila melanogaster,Dmel,OBP19c,OBP,NP_728340.2,NP_728340.2,"Odorant-binding protein 19c, isoform C [Drosophila melanogaster]",FlyBase/NCBI
DmelOBP19d,DmelOBP19d,,,Drosophila melanogaster,Dmel,OBP19d,OBP,P54192.2,P54192.2,RecName: Full=General odorant-binding protein 19d; AltName: Full=Odorant-binding protein 19d; AltName: Full=Pheromone-binding protein-related protein 2; Short=PBPRP-2; Flags: Precursor,FlyBase/NCBI
DmelOBP22a,DmelOBP22a,,,Drosophila melanogaster,Dmel,OBP22a,OBP,NP_722746.2,NP_722746.2,"Odorant-binding protein 22a, isoform C [Drosophila melanogaster]",FlyBase/NCBI
DmelOBP28a,DmelOBP28a,,,Drosophila melanogaster,Dmel,OBP28a,OBP,P54195.2,P54195.2,RecName: Full=General odorant-binding protein 28a; AltName: Full=Odorant-binding protein 28a; AltName: Full=Pheromone-binding protein-related protein 5; Short=PBPRP-5; Flags: Precursor,FlyBase/NCBI
DmelOBP44a,DmelOBP44a,,,Drosophila melanogaster,Dmel,OBP44a,OBP,NP_001286186.1,NP_001286186.1,"Odorant-binding protein 44a, isoform B [Drosophila melanogaster]",FlyBase/NCBI
DmelOBP46a,DmelOBP46a,,,Drosophila melanogaster,Dmel,OBP46a,OBP,NP_610574.1,NP_610574.1,Odorant-binding protein 46a [Drosophila melanogaster],FlyBase/NCBI
DmelOBP47a,DmelOBP47a,,,Drosophila melanogaster,Dmel,OBP47a,OBP,NP_995810.1,NP_995810.1,"Odorant-binding protein 47a, isoform B [Drosophila melanogaster]",FlyBase/NCBI
DmelOBP47b,DmelOBP47b,,,Drosophila melanogaster,Dmel,OBP47b,OBP,NP_610669.1,NP_610669.1,Odorant-binding protein 47b [Drosophila melanogaster],FlyBase/NCBI
DmelOBP49a,DmelOBP49a,,,Drosophila melanogaster,Dmel,OBP49a,OBP,NP_610812.1,NP_610812.1,Odorant-binding protein 49a [Drosophila melanogaster],FlyBase/NCBI
DmelOBP50a,DmelOBP50a,,,Drosophila melanogaster,Dmel,OBP50a,OBP,NP_995832.1,NP_995832.1,"Odorant-binding protein 50a, isoform B [Drosophila melanogaster]",FlyBase/NCBI
DmelOBP50b,DmelOBP50b,,,Drosophila melanogaster,Dmel,OBP50b,OBP,NP_725386.1,NP_725386.1,Odorant-binding protein 50b [Drosophila melanogaster],FlyBase/NCBI
DmelOBP50c,DmelOBP50c,,,Drosophila melanogaster,Dmel,OBP50c,OBP,NP_725387.3,NP_725387.3,Odorant-binding protein 50c [Drosophila melanogaster],FlyBase/NCBI
DmelOBP50d,DmelOBP50d,,,Drosophila melanogaster,Dmel,OBP50d,OBP,NP_725388.2,NP_725388.2,Odorant-binding protein 50d [Drosophila melanogaster],FlyBase/NCBI
DmelOBP50e,DmelOBP50e,,,Drosophila melanogaster,Dmel,OBP50e,OBP,NP_610959.2,NP_610959.2,Odorant-binding protein 50e [Drosophila melanogaster],FlyBase/NCBI
DmelOBP51a,DmelOBP51a,,,Drosophila melanogaster,Dmel,OBP51a,OBP,NP_725436.1,NP_725436.1,Odorant-binding protein 51a [Drosophila melanogaster],FlyBase/NCBI
DmelOBP56a,DmelOBP56a,,,Drosophila melanogaster,Dmel,OBP56a,OBP,Q9V8Y2.1,Q9V8Y2.1,RecName: Full=General odorant-binding protein 56a; Flags: Precursor,FlyBase/NCBI
DmelOBP56b,DmelOBP56b,,,Drosophila melanogaster,Dmel,OBP56b,OBP,NP_611443.1,NP_611443.1,Odorant-binding protein 56b [Drosophila melanogaster],FlyBase/NCBI
DmelOBP56c,DmelOBP56c,,,Drosophila melanogaster,Dmel,OBP56c,OBP,NP_725925.3,NP_725925.3,"Odorant-binding protein 56c, isoform C [Drosophila melanogaster]",FlyBase/NCBI
DmelOBP56d,DmelOBP56d,,,Drosophila melanogaster,Dmel,OBP56d,OBP,Q8SY61.2,Q8SY61.2,RecName: Full=General odorant-binding protein 56d; Flags: Precursor,FlyBase/NCBI
DmelOBP56e,DmelOBP56e,,,Drosophila melanogaster,Dmel,OBP56e,OBP,NP_001286620.1,NP_001286620.1,"Odorant-binding protein 56e, isoform B [Drosophila melanogaster]",FlyBase/NCBI
DmelOBP56f,DmelOBP56f,,,Drosophila melanogaster,Dmel,OBP56f,OBP,NP_725926.1,NP_725926.1,Odorant-binding protein 56f [Drosophila melanogaster],FlyBase/NCBI
DmelOBP56g,DmelOBP56g,,,Drosophila melanogaster,Dmel,OBP56g,OBP,NP_995903.1,NP_995903.1,"Odorant-binding protein 56g, isoform B [Drosophila melanogaster]",FlyBase/NCBI
DmelOBP56h,DmelOBP56h,,,Drosophila melanogaster,Dmel,OBP56h,OBP,Q9V8Y9.2,Q9V8Y9.2,RecName: Full=General odorant-binding protein 56h; Flags: Precursor,FlyBase/NCBI
DmelOBP56i,DmelOBP56i,,,Drosophila melanogaster,Dmel,OBP56i,OBP,NP_001188980.1,NP_001188980.1,"Odorant-binding protein 56i, isoform B [Drosophila melanogaster]",FlyBase/NCBI
DmelOBP57a,DmelOBP57a,,,Drosophila melanogaster,Dmel,OBP57a,OBP,Q8MKK0.1,Q8MKK0.1,RecName: Full=General odorant-binding protein 57a; Flags: Precursor,FlyBase/NCBI
DmelOBP57b,DmelOBP57b,,,Drosophila melanogaster,Dmel,OBP57b,OBP,Q8MKJ4.1,Q8MKJ4.1,RecName: Full=General odorant-binding protein 57b; Flags: Precursor,FlyBase/NCBI
DmelOBP57c,DmelOBP57c,,,Drosophila melanogaster,Dmel,OBP57c,OBP,Q9V931.1,Q9V931.1,RecName: Full=General odorant-binding protein 57c; Flags: Precursor,FlyBase/NCBI
DmelOBP57d,DmelOBP57d,,,Drosophila melanogaster,Dmel,OBP57d,OBP,Q8MMF9.2,Q8MMF9.2,RecName: Full=General odorant-binding protein 57d; Flags: Precursor,FlyBase/NCBI
DmelOBP57e,DmelOBP57e,,,Drosophila melanogaster,Dmel,OBP57e,OBP,Q9V938.4,Q9V938.4,RecName: Full=General odorant-binding protein 57e; Flags: Precursor,FlyBase/NCBI
DmelOBP58b,DmelOBP58b,,,Drosophila melanogaster,Dmel,OBP58b,OBP,NP_611709.1,NP_611709.1,Odorant-binding protein 58b [Drosophila melanogaster],FlyBase/NCBI
DmelOBP58c,DmelOBP58c,,,Drosophila melanogaster,Dmel,OBP58c,OBP,NP_611710.1,NP_611710.1,Odorant-binding protein 58c [Drosophila melanogaster],FlyBase/NCBI
DmelOBP58d,DmelOBP58d,,,Drosophila melanogaster,Dmel,OBP58d,OBP,NP_611711.1,NP_611711.1,Odorant-binding protein 58d [Drosophila melanogaster],FlyBase/NCBI
DmelOBP59a,DmelOBP59a,,,Drosophila melanogaster,Dmel,OBP59a,OBP,Q86BF9.1,Q86BF9.1,RecName: Full=Odorant-binding protein 59a; Flags: Precursor,FlyBase/NCBI
DmelOBP69a,DmelOBP69a,,,Drosophila melanogaster,Dmel,OBP69a,OBP,P54191.2,P54191.2,RecName: Full=General odorant-binding protein 69a; AltName: Full=Odorant-binding protein 69a; AltName: Full=Pheromone-binding protein-related protein 1; Short=PBPRP-1; Flags: Precursor,FlyBase/NCBI
DmelOBP73a,DmelOBP73a,,,Drosophila melanogaster,Dmel,OBP73a,OBP,NP_001334711.1,NP_001334711.1,"Odorant-binding protein 73a, isoform C [Drosophila melanogaster]",FlyBase/NCBI
DmelOBP83a,DmelOBP83a,,,Drosophila melanogaster,Dmel,OBP83a,OBP,P54193.1,P54193.1,RecName: Full=General odorant-binding protein 83a; AltName: Full=Odorant-binding protein 83a; AltName: Full=Odorant-binding protein OS-F; AltName: Full=Pheromone-binding protein-related protein 3; Sho,FlyBase/NCBI
DmelOBP83b,DmelOBP83b,,,Drosophila melanogaster,Dmel,OBP83b,OBP,Q23970.2,Q23970.2,RecName: Full=Pheromone-binding protein-related protein 6; Short=PBPRP-6; AltName: Full=Odorant-binding protein OS-E; Flags: Precursor,FlyBase/NCBI
DmelOBP83cd,DmelOBP83cd,,,Drosophila melanogaster,Dmel,OBP83cd,OBP,NP_649612.1,NP_649612.1,Odorant-binding protein 83cd [Drosophila melanogaster],FlyBase/NCBI
DmelOBP83ef,DmelOBP83ef,,,Drosophila melanogaster,Dmel,OBP83ef,OBP,NP_731042.1,NP_731042.1,Odorant-binding protein 83ef [Drosophila melanogaster],FlyBase/NCBI
DmelOBP83g,DmelOBP83g,,,Drosophila melanogaster,Dmel,OBP83g,OBP,NP_731043.1,NP_731043.1,Odorant-binding protein 83g [Drosophila melanogaster],FlyBase/NCBI
DmelOBP84a,DmelOBP84a,,,Drosophila melanogaster,Dmel,OBP84a,OBP,P54194.1,P54194.1,RecName: Full=General odorant-binding protein 84a; AltName: Full=Odorant-binding protein 84a; AltName: Full=Pheromone-binding protein-related protein 4; Short=PBPRP-4; Flags: Precursor,FlyBase/NCBI
DmelOBP85a,DmelOBP85a,,,Drosophila melanogaster,Dmel,OBP85a,OBP,NP_001334691.1,NP_001334691.1,Odorant-binding protein 85a [Drosophila melanogaster],FlyBase/NCBI
DmelOBP93a,DmelOBP93a,,,Drosophila melanogaster,Dmel,OBP93a,OBP,NP_650945.1,NP_650945.1,Odorant-binding protein 93a [Drosophila melanogaster],FlyBase/NCBI
DmelOBP99a,DmelOBP99a,,,Drosophila melanogaster,Dmel,OBP99a,OBP,Q9VAJ4.2,Q9VAJ4.2,RecName: Full=General odorant-binding protein 99a; Flags: Precursor,FlyBase/NCBI
DmelOBP99b,DmelOBP99b,,,Drosophila melanogaster,Dmel,OBP99b,OBP,Q9VAI6.1,Q9VAI6.1,RecName: Full=General odorant-binding protein 99b; Flags: Precursor,FlyBase/NCBI
DmelOBP99c,DmelOBP99c,,,Drosophila melanogaster,Dmel,OBP99c,OBP,NP_001263077.1,NP_001263077.1,"Odorant-binding protein 99c, isoform B [Drosophila melanogaster]",FlyBase/NCBI
DmelOBP99d,DmelOBP99d,,,Drosophila melanogaster,Dmel,OBP99d,OBP,NP_001263078.1,NP_001263078.1,"Odorant-binding protein 99b, isoform B [Drosophila melanogaster]",FlyBase/NCBI
MdomOBP1,MdomOBP1,,,Musca domestica,Mdom,OBP1,OBP,AAU88250.1,AAU88250.1,"odorant binding protein 1, partial [Musca domestica]",NCBI (Musca domestica genome; gene names follow Drosophila nomenclature)
MdomOBP2,MdomOBP2,,,Musca domestica,Mdom,OBP2,OBP,AAU88251.1,AAU88251.1,"odorant binding protein 2, partial [Musca domestica]",NCBI (Musca domestica genome; gene names follow Drosophila nomenclature)
MdomOBP3,MdomOBP3,,,Musca domestica,Mdom,OBP3,OBP,AAV74624.1,AAV74624.1,odorant binding protein 3 [Musca domestica],NCBI (Musca domestica genome; gene names follow Drosophila nomenclature)
MdomOBP4NTE,MdomOBP4NTE,,,Musca domestica,Mdom,OBP4NTE,OBP,,,Musca domestica odorant-binding protein; nomenclature follows Drosophila orthologs. Source: Younus et al. 2014 J Exp Biol / NCBI RefSeq GCA_000371365.1,NCBI RefSeq (Musca domestica GCA_000371365.1); see Xu et al. 2020
MdomOBP5,MdomOBP5,,,Musca domestica,Mdom,OBP5,OBP,,,Musca domestica odorant-binding protein; nomenclature follows Drosophila orthologs. Source: Younus et al. 2014 J Exp Biol / NCBI RefSeq GCA_000371365.1,NCBI RefSeq (Musca domestica GCA_000371365.1); see Xu et al. 2020
MdomOBP6,MdomOBP6,,,Musca domestica,Mdom,OBP6,OBP,,,Musca domestica odorant-binding protein; nomenclature follows Drosophila orthologs. Source: Younus et al. 2014 J Exp Biol / NCBI RefSeq GCA_000371365.1,NCBI RefSeq (Musca domestica GCA_000371365.1); see Xu et al. 2020
MdomOBP7,MdomOBP7,,,Musca domestica,Mdom,OBP7,OBP,,,Musca domestica odorant-binding protein; nomenclature follows Drosophila orthologs. Source: Younus et al. 2014 J Exp Biol / NCBI RefSeq GCA_000371365.1,NCBI RefSeq (Musca domestica GCA_000371365.1); see Xu et al. 2020
MdomOBP8,MdomOBP8,,,Musca domestica,Mdom,OBP8,OBP,,,Musca domestica odorant-binding protein; nomenclature follows Drosophila orthologs. Source: Younus et al. 2014 J Exp Biol / NCBI RefSeq GCA_000371365.1,NCBI RefSeq (Musca domestica GCA_000371365.1); see Xu et al. 2020
MdomOBP9,MdomOBP9,,,Musca domestica,Mdom,OBP9,OBP,,,Musca domestica odorant-binding protein; nomenclature follows Drosophila orthologs. Source: Younus et al. 2014 J Exp Biol / NCBI RefSeq GCA_000371365.1,NCBI RefSeq (Musca domestica GCA_000371365.1); see Xu et al. 2020
MdomOBP10,MdomOBP10,,,Musca domestica,Mdom,OBP10,OBP,,,Musca domestica odorant-binding protein; nomenclature follows Drosophila orthologs. Source: Younus et al. 2014 J Exp Biol / NCBI RefSeq GCA_000371365.1,NCBI RefSeq (Musca domestica GCA_000371365.1); see Xu et al. 2020
MdomOBP11,MdomOBP11,,,Musca domestica,Mdom,OBP11,OBP,,,Musca domestica odorant-binding protein; nomenclature follows Drosophila orthologs. Source: Younus et al. 2014 J Exp Biol / NCBI RefSeq GCA_000371365.1,NCBI RefSeq (Musca domestica GCA_000371365.1); see Xu et al. 2020
MdomOBP12,MdomOBP12,,,Musca domestica,Mdom,OBP12,OBP,,,Musca domestica odorant-binding protein; nomenclature follows Drosophila orthologs. Source: Younus et al. 2014 J Exp Biol / NCBI RefSeq GCA_000371365.1,NCBI RefSeq (Musca domestica GCA_000371365.1); see Xu et al. 2020
MdomOBP13,MdomOBP13,,,Musca domestica,Mdom,OBP13,OBP,,,Musca domestica odorant-binding protein; nomenclature follows Drosophila orthologs. Source: Younus et al. 2014 J Exp Biol / NCBI RefSeq GCA_000371365.1,NCBI RefSeq (Musca domestica GCA_000371365.1); see Xu et al. 2020
MdomOBP14,MdomOBP14,,,Musca domestica,Mdom,OBP14,OBP,,,Musca domestica odorant-binding protein; nomenclature follows Drosophila orthologs. Source: Younus et al. 2014 J Exp Biol / NCBI RefSeq GCA_000371365.1,NCBI RefSeq (Musca domestica GCA_000371365.1); see Xu et al. 2020
MdomOBP15,MdomOBP15,,,Musca domestica,Mdom,OBP15,OBP,,,Musca domestica odorant-binding protein; nomenclature follows Drosophila orthologs. Source: Younus et al. 2014 J Exp Biol / NCBI RefSeq GCA_000371365.1,NCBI RefSeq (Musca domestica GCA_000371365.1); see Xu et al. 2020
MdomOBP16,MdomOBP16,,,Musca domestica,Mdom,OBP16,OBP,,,Musca domestica odorant-binding protein; nomenclature follows Drosophila orthologs. Source: Younus et al. 2014 J Exp Biol / NCBI RefSeq GCA_000371365.1,NCBI RefSeq (Musca domestica GCA_000371365.1); see Xu et al. 2020
MdomOBP17,MdomOBP17,,,Musca domestica,Mdom,OBP17,OBP,,,Musca domestica odorant-binding protein; nomenclature follows Drosophila orthologs. Source: Younus et al. 2014 J Exp Biol / NCBI RefSeq GCA_000371365.1,NCBI RefSeq (Musca domestica GCA_000371365.1); see Xu et al. 2020
MdomOBP18,MdomOBP18,,,Musca domestica,Mdom,OBP18,OBP,,,Musca domestica odorant-binding protein; nomenclature follows Drosophila orthologs. Source: Younus et al. 2014 J Exp Biol / NCBI RefSeq GCA_000371365.1,NCBI RefSeq (Musca domestica GCA_000371365.1); see Xu et al. 2020
MdomOBP19,MdomOBP19,,,Musca domestica,Mdom,OBP19,OBP,,,Musca domestica odorant-binding protein; nomenclature follows Drosophila orthologs. Source: Younus et al. 2014 J Exp Biol / NCBI RefSeq GCA_000371365.1,NCBI RefSeq (Musca domestica GCA_000371365.1); see Xu et al. 2020
MdomOBP20,MdomOBP20,,,Musca domestica,Mdom,OBP20,OBP,,,Musca domestica odorant-binding protein; nomenclature follows Drosophila orthologs. Source: Younus et al. 2014 J Exp Biol / NCBI RefSeq GCA_000371365.1,NCBI RefSeq (Musca domestica GCA_000371365.1); see Xu et al. 2020
MdomOBP21,MdomOBP21,,,Musca domestica,Mdom,OBP21,OBP,,,Musca domestica odorant-binding protein; nomenclature follows Drosophila orthologs. Source: Younus et al. 2014 J Exp Biol / NCBI RefSeq GCA_000371365.1,NCBI RefSeq (Musca domestica GCA_000371365.1); see Xu et al. 2020
MdomOBP22,MdomOBP22,,,Musca domestica,Mdom,OBP22,OBP,,,Musca domestica odorant-binding protein; nomenclature follows Drosophila orthologs. Source: Younus et al. 2014 J Exp Biol / NCBI RefSeq GCA_000371365.1,NCBI RefSeq (Musca domestica GCA_000371365.1); see Xu et al. 2020
MdomOBP23,MdomOBP23,,,Musca domestica,Mdom,OBP23,OBP,,,Musca domestica odorant-binding protein; nomenclature follows Drosophila orthologs. Source: Younus et al. 2014 J Exp Biol / NCBI RefSeq GCA_000371365.1,NCBI RefSeq (Musca domestica GCA_000371365.1); see Xu et al. 2020
MdomOBP24,MdomOBP24,,,Musca domestica,Mdom,OBP24,OBP,,,Musca domestica odorant-binding protein; nomenclature follows Drosophila orthologs. Source: Younus et al. 2014 J Exp Biol / NCBI RefSeq GCA_000371365.1,NCBI RefSeq (Musca domestica GCA_000371365.1); see Xu et al. 2020
MdomOBP25PSE,MdomOBP25PSE,,,Musca domestica,Mdom,OBP25PSE,OBP,,,Musca domestica odorant-binding protein; nomenclature follows Drosophila orthologs. Source: Younus et al. 2014 J Exp Biol / NCBI RefSeq GCA_000371365.1,NCBI RefSeq (Musca domestica GCA_000371365.1); see Xu et al. 2020
MdomOBP26,MdomOBP26,,,Musca domestica,Mdom,OBP26,OBP,,,Musca domestica odorant-binding protein; nomenclature follows Drosophila orthologs. Source: Younus et al. 2014 J Exp Biol / NCBI RefSeq GCA_000371365.1,NCBI RefSeq (Musca domestica GCA_000371365.1); see Xu et al. 2020
MdomOBP27,MdomOBP27,,,Musca domestica,Mdom,OBP27,OBP,,,Musca domestica odorant-binding protein; nomenclature follows Drosophila orthologs. Source: Younus et al. 2014 J Exp Biol / NCBI RefSeq GCA_000371365.1,NCBI RefSeq (Musca domestica GCA_000371365.1); see Xu et al. 2020
MdomOBP28,MdomOBP28,,,Musca domestica,Mdom,OBP28,OBP,,,Musca domestica odorant-binding protein; nomenclature follows Drosophila orthologs. Source: Younus et al. 2014 J Exp Biol / NCBI RefSeq GCA_000371365.1,NCBI RefSeq (Musca domestica GCA_000371365.1); see Xu et al. 2020
MdomOBP29,MdomOBP29,,,Musca domestica,Mdom,OBP29,OBP,,,Musca domestica odorant-binding protein; nomenclature follows Drosophila orthologs. Source: Younus et al. 2014 J Exp Biol / NCBI RefSeq GCA_000371365.1,NCBI RefSeq (Musca domestica GCA_000371365.1); see Xu et al. 2020
MdomOBP30,MdomOBP30,,,Musca domestica,Mdom,OBP30,OBP,,,Musca domestica odorant-binding protein; nomenclature follows Drosophila orthologs. Source: Younus et al. 2014 J Exp Biol / NCBI RefSeq GCA_000371365.1,NCBI RefSeq (Musca domestica GCA_000371365.1); see Xu et al. 2020
MdomOBP31,MdomOBP31,,,Musca domestica,Mdom,OBP31,OBP,,,Musca domestica odorant-binding protein; nomenclature follows Drosophila orthologs. Source: Younus et al. 2014 J Exp Biol / NCBI RefSeq GCA_000371365.1,NCBI RefSeq (Musca domestica GCA_000371365.1); see Xu et al. 2020
MdomOBP32,MdomOBP32,,,Musca domestica,Mdom,OBP32,OBP,,,Musca domestica odorant-binding protein; nomenclature follows Drosophila orthologs. Source: Younus et al. 2014 J Exp Biol / NCBI RefSeq GCA_000371365.1,NCBI RefSeq (Musca domestica GCA_000371365.1); see Xu et al. 2020
MdomOBP33,MdomOBP33,,,Musca domestica,Mdom,OBP33,OBP,,,Musca domestica odorant-binding protein; nomenclature follows Drosophila orthologs. Source: Younus et al. 2014 J Exp Biol / NCBI RefSeq GCA_000371365.1,NCBI RefSeq (Musca domestica GCA_000371365.1); see Xu et al. 2020
MdomOBP34,MdomOBP34,,,Musca domestica,Mdom,OBP34,OBP,,,Musca domestica odorant-binding protein; nomenclature follows Drosophila orthologs. Source: Younus et al. 2014 J Exp Biol / NCBI RefSeq GCA_000371365.1,NCBI RefSeq (Musca domestica GCA_000371365.1); see Xu et al. 2020
MdomOBP35,MdomOBP35,,,Musca domestica,Mdom,OBP35,OBP,,,Musca domestica odorant-binding protein; nomenclature follows Drosophila orthologs. Source: Younus et al. 2014 J Exp Biol / NCBI RefSeq GCA_000371365.1,NCBI RefSeq (Musca domestica GCA_000371365.1); see Xu et al. 2020
MdomOBP36,MdomOBP36,,,Musca domestica,Mdom,OBP36,OBP,,,Musca domestica odorant-binding protein; nomenclature follows Drosophila orthologs. Source: Younus et al. 2014 J Exp Biol / NCBI RefSeq GCA_000371365.1,NCBI RefSeq (Musca domestica GCA_000371365.1); see Xu et al. 2020
MdomOBP37,MdomOBP37,,,Musca domestica,Mdom,OBP37,OBP,,,Musca domestica odorant-binding protein; nomenclature follows Drosophila orthologs. Source: Younus et al. 2014 J Exp Biol / NCBI RefSeq GCA_000371365.1,NCBI RefSeq (Musca domestica GCA_000371365.1); see Xu et al. 2020
MdomOBP38,MdomOBP38,,,Musca domestica,Mdom,OBP38,OBP,,,Musca domestica odorant-binding protein; nomenclature follows Drosophila orthologs. Source: Younus et al. 2014 J Exp Biol / NCBI RefSeq GCA_000371365.1,NCBI RefSeq (Musca domestica GCA_000371365.1); see Xu et al. 2020
MdomOBP39,MdomOBP39,,,Musca domestica,Mdom,OBP39,OBP,,,Musca domestica odorant-binding protein; nomenclature follows Drosophila orthologs. Source: Younus et al. 2014 J Exp Biol / NCBI RefSeq GCA_000371365.1,NCBI RefSeq (Musca domestica GCA_000371365.1); see Xu et al. 2020
MdomOBP40NTE,MdomOBP40NTE,,,Musca domestica,Mdom,OBP40NTE,OBP,,,Musca domestica odorant-binding protein; nomenclature follows Drosophila orthologs. Source: Younus et al. 2014 J Exp Biol / NCBI RefSeq GCA_000371365.1,NCBI RefSeq (Musca domestica GCA_000371365.1); see Xu et al. 2020
MdomOBP41,MdomOBP41,,,Musca domestica,Mdom,OBP41,OBP,,,Musca domestica odorant-binding protein; nomenclature follows Drosophila orthologs. Source: Younus et al. 2014 J Exp Biol / NCBI RefSeq GCA_000371365.1,NCBI RefSeq (Musca domestica GCA_000371365.1); see Xu et al. 2020
MdomOBP42,MdomOBP42,,,Musca domestica,Mdom,OBP42,OBP,,,Musca domestica odorant-binding protein; nomenclature follows Drosophila orthologs. Source: Younus et al. 2014 J Exp Biol / NCBI RefSeq GCA_000371365.1,NCBI RefSeq (Musca domestica GCA_000371365.1); see Xu et al. 2020
MdomOBP43,MdomOBP43,,,Musca domestica,Mdom,OBP43,OBP,,,Musca domestica odorant-binding protein; nomenclature follows Drosophila orthologs. Source: Younus et al. 2014 J Exp Biol / NCBI RefSeq GCA_000371365.1,NCBI RefSeq (Musca domestica GCA_000371365.1); see Xu et al. 2020
MdomOBP44,MdomOBP44,,,Musca domestica,Mdom,OBP44,OBP,,,Musca domestica odorant-binding protein; nomenclature follows Drosophila orthologs. Source: Younus et al. 2014 J Exp Biol / NCBI RefSeq GCA_000371365.1,NCBI RefSeq (Musca domestica GCA_000371365.1); see Xu et al. 2020
MdomOBP45,MdomOBP45,,,Musca domestica,Mdom,OBP45,OBP,,,Musca domestica odorant-binding protein; nomenclature follows Drosophila orthologs. Source: Younus et al. 2014 J Exp Biol / NCBI RefSeq GCA_000371365.1,NCBI RefSeq (Musca domestica GCA_000371365.1); see Xu et al. 2020
MdomOBP46,MdomOBP46,,,Musca domestica,Mdom,OBP46,OBP,,,Musca domestica odorant-binding protein; nomenclature follows Drosophila orthologs. Source: Younus et al. 2014 J Exp Biol / NCBI RefSeq GCA_000371365.1,NCBI RefSeq (Musca domestica GCA_000371365.1); see Xu et al. 2020
MdomOBP47,MdomOBP47,,,Musca domestica,Mdom,OBP47,OBP,,,Musca domestica odorant-binding protein; nomenclature follows Drosophila orthologs. Source: Younus et al. 2014 J Exp Biol / NCBI RefSeq GCA_000371365.1,NCBI RefSeq (Musca domestica GCA_000371365.1); see Xu et al. 2020
MdomOBP48,MdomOBP48,,,Musca domestica,Mdom,OBP48,OBP,,,Musca domestica odorant-binding protein; nomenclature follows Drosophila orthologs. Source: Younus et al. 2014 J Exp Biol / NCBI RefSeq GCA_000371365.1,NCBI RefSeq (Musca domestica GCA_000371365.1); see Xu et al. 2020
MdomOBP49,MdomOBP49,,,Musca domestica,Mdom,OBP49,OBP,,,Musca domestica odorant-binding protein; nomenclature follows Drosophila orthologs. Source: Younus et al. 2014 J Exp Biol / NCBI RefSeq GCA_000371365.1,NCBI RefSeq (Musca domestica GCA_000371365.1); see Xu et al. 2020
MdomOBP50,MdomOBP50,,,Musca domestica,Mdom,OBP50,OBP,,,Musca domestica odorant-binding protein; nomenclature follows Drosophila orthologs. Source: Younus et al. 2014 J Exp Biol / NCBI RefSeq GCA_000371365.1,NCBI RefSeq (Musca domestica GCA_000371365.1); see Xu et al. 2020
MdomOBP51,MdomOBP51,,,Musca domestica,Mdom,OBP51,OBP,,,Musca domestica odorant-binding protein; nomenclature follows Drosophila orthologs. Source: Younus et al. 2014 J Exp Biol / NCBI RefSeq GCA_000371365.1,NCBI RefSeq (Musca domestica GCA_000371365.1); see Xu et al. 2020
MdomOBP52,MdomOBP52,,,Musca domestica,Mdom,OBP52,OBP,,,Musca domestica odorant-binding protein; nomenclature follows Drosophila orthologs. Source: Younus et al. 2014 J Exp Biol / NCBI RefSeq GCA_000371365.1,NCBI RefSeq (Musca domestica GCA_000371365.1); see Xu et al. 2020
MdomOBP53,MdomOBP53,,,Musca domestica,Mdom,OBP53,OBP,,,Musca domestica odorant-binding protein; nomenclature follows Drosophila orthologs. Source: Younus et al. 2014 J Exp Biol / NCBI RefSeq GCA_000371365.1,NCBI RefSeq (Musca domestica GCA_000371365.1); see Xu et al. 2020
MdomOBP54,MdomOBP54,,,Musca domestica,Mdom,OBP54,OBP,,,Musca domestica odorant-binding protein; nomenclature follows Drosophila orthologs. Source: Younus et al. 2014 J Exp Biol / NCBI RefSeq GCA_000371365.1,NCBI RefSeq (Musca domestica GCA_000371365.1); see Xu et al. 2020
MdomOBP55,MdomOBP55,,,Musca domestica,Mdom,OBP55,OBP,,,Musca domestica odorant-binding protein; nomenclature follows Drosophila orthologs. Source: Younus et al. 2014 J Exp Biol / NCBI RefSeq GCA_000371365.1,NCBI RefSeq (Musca domestica GCA_000371365.1); see Xu et al. 2020
MdomOBP56,MdomOBP56,,,Musca domestica,Mdom,OBP56,OBP,,,Musca domestica odorant-binding protein; nomenclature follows Drosophila orthologs. Source: Younus et al. 2014 J Exp Biol / NCBI RefSeq GCA_000371365.1,NCBI RefSeq (Musca domestica GCA_000371365.1); see Xu et al. 2020
MdomOBP57,MdomOBP57,,,Musca domestica,Mdom,OBP57,OBP,,,Musca domestica odorant-binding protein; nomenclature follows Drosophila orthologs. Source: Younus et al. 2014 J Exp Biol / NCBI RefSeq GCA_000371365.1,NCBI RefSeq (Musca domestica GCA_000371365.1); see Xu et al. 2020
MdomOBP58,MdomOBP58,,,Musca domestica,Mdom,OBP58,OBP,,,Musca domestica odorant-binding protein; nomenclature follows Drosophila orthologs. Source: Younus et al. 2014 J Exp Biol / NCBI RefSeq GCA_000371365.1,NCBI RefSeq (Musca domestica GCA_000371365.1); see Xu et al. 2020
MdomOBP59,MdomOBP59,,,Musca domestica,Mdom,OBP59,OBP,,,Musca domestica odorant-binding protein; nomenclature follows Drosophila orthologs. Source: Younus et al. 2014 J Exp Biol / NCBI RefSeq GCA_000371365.1,NCBI RefSeq (Musca domestica GCA_000371365.1); see Xu et al. 2020
MdomOBP60,MdomOBP60,,,Musca domestica,Mdom,OBP60,OBP,,,Musca domestica odorant-binding protein; nomenclature follows Drosophila orthologs. Source: Younus et al. 2014 J Exp Biol / NCBI RefSeq GCA_000371365.1,NCBI RefSeq (Musca domestica GCA_000371365.1); see Xu et al. 2020
MdomOBP61CTE,MdomOBP61CTE,,,Musca domestica,Mdom,OBP61CTE,OBP,,,Musca domestica odorant-binding protein; nomenclature follows Drosophila orthologs. Source: Younus et al. 2014 J Exp Biol / NCBI RefSeq GCA_000371365.1,NCBI RefSeq (Musca domestica GCA_000371365.1); see Xu et al. 2020
MdomOBP62,MdomOBP62,,,Musca domestica,Mdom,OBP62,OBP,,,Musca domestica odorant-binding protein; nomenclature follows Drosophila orthologs. Source: Younus et al. 2014 J Exp Biol / NCBI RefSeq GCA_000371365.1,NCBI RefSeq (Musca domestica GCA_000371365.1); see Xu et al. 2020
MdomOBP63,MdomOBP63,,,Musca domestica,Mdom,OBP63,OBP,,,Musca domestica odorant-binding protein; nomenclature follows Drosophila orthologs. Source: Younus et al. 2014 J Exp Biol / NCBI RefSeq GCA_000371365.1,NCBI RefSeq (Musca domestica GCA_000371365.1); see Xu et al. 2020
MdomOBP64,MdomOBP64,,,Musca domestica,Mdom,OBP64,OBP,,,Musca domestica odorant-binding protein; nomenclature follows Drosophila orthologs. Source: Younus et al. 2014 J Exp Biol / NCBI RefSeq GCA_000371365.1,NCBI RefSeq (Musca domestica GCA_000371365.1); see Xu et al. 2020
MdomOBP65,MdomOBP65,,,Musca domestica,Mdom,OBP65,OBP,,,Musca domestica odorant-binding protein; nomenclature follows Drosophila orthologs. Source: Younus et al. 2014 J Exp Biol / NCBI RefSeq GCA_000371365.1,NCBI RefSeq (Musca domestica GCA_000371365.1); see Xu et al. 2020
MdomOBP66,MdomOBP66,,,Musca domestica,Mdom,OBP66,OBP,,,Musca domestica odorant-binding protein; nomenclature follows Drosophila orthologs. Source: Younus et al. 2014 J Exp Biol / NCBI RefSeq GCA_000371365.1,NCBI RefSeq (Musca domestica GCA_000371365.1); see Xu et al. 2020
MdomOBP67,MdomOBP67,,,Musca domestica,Mdom,OBP67,OBP,,,Musca domestica odorant-binding protein; nomenclature follows Drosophila orthologs. Source: Younus et al. 2014 J Exp Biol / NCBI RefSeq GCA_000371365.1,NCBI RefSeq (Musca domestica GCA_000371365.1); see Xu et al. 2020
MdomOBP68,MdomOBP68,,,Musca domestica,Mdom,OBP68,OBP,,,Musca domestica odorant-binding protein; nomenclature follows Drosophila orthologs. Source: Younus et al. 2014 J Exp Biol / NCBI RefSeq GCA_000371365.1,NCBI RefSeq (Musca domestica GCA_000371365.1); see Xu et al. 2020
MdomOBP69,MdomOBP69,,,Musca domestica,Mdom,OBP69,OBP,,,Musca domestica odorant-binding protein; nomenclature follows Drosophila orthologs. Source: Younus et al. 2014 J Exp Biol / NCBI RefSeq GCA_000371365.1,NCBI RefSeq (Musca domestica GCA_000371365.1); see Xu et al. 2020
MdomOBP70,MdomOBP70,,,Musca domestica,Mdom,OBP70,OBP,,,Musca domestica odorant-binding protein; nomenclature follows Drosophila orthologs. Source: Younus et al. 2014 J Exp Biol / NCBI RefSeq GCA_000371365.1,NCBI RefSeq (Musca domestica GCA_000371365.1); see Xu et al. 2020
MdomOBP71,MdomOBP71,,,Musca domestica,Mdom,OBP71,OBP,,,Musca domestica odorant-binding protein; nomenclature follows Drosophila orthologs. Source: Younus et al. 2014 J Exp Biol / NCBI RefSeq GCA_000371365.1,NCBI RefSeq (Musca domestica GCA_000371365.1); see Xu et al. 2020
MdomOBP72,MdomOBP72,,,Musca domestica,Mdom,OBP72,OBP,,,Musca domestica odorant-binding protein; nomenclature follows Drosophila orthologs. Source: Younus et al. 2014 J Exp Biol / NCBI RefSeq GCA_000371365.1,NCBI RefSeq (Musca domestica GCA_000371365.1); see Xu et al. 2020
MdomOBP73PSE,MdomOBP73PSE,,,Musca domestica,Mdom,OBP73PSE,OBP,,,Musca domestica odorant-binding protein; nomenclature follows Drosophila orthologs. Source: Younus et al. 2014 J Exp Biol / NCBI RefSeq GCA_000371365.1,NCBI RefSeq (Musca domestica GCA_000371365.1); see Xu et al. 2020
MdomOBP74,MdomOBP74,,,Musca domestica,Mdom,OBP74,OBP,,,Musca domestica odorant-binding protein; nomenclature follows Drosophila orthologs. Source: Younus et al. 2014 J Exp Biol / NCBI RefSeq GCA_000371365.1,NCBI RefSeq (Musca domestica GCA_000371365.1); see Xu et al. 2020
MdomOBP75,MdomOBP75,,,Musca domestica,Mdom,OBP75,OBP,,,Musca domestica odorant-binding protein; nomenclature follows Drosophila orthologs. Source: Younus et al. 2014 J Exp Biol / NCBI RefSeq GCA_000371365.1,NCBI RefSeq (Musca domestica GCA_000371365.1); see Xu et al. 2020
MdomOBP76,MdomOBP76,,,Musca domestica,Mdom,OBP76,OBP,,,Musca domestica odorant-binding protein; nomenclature follows Drosophila orthologs. Source: Younus et al. 2014 J Exp Biol / NCBI RefSeq GCA_000371365.1,NCBI RefSeq (Musca domestica GCA_000371365.1); see Xu et al. 2020
MdomOBP77,MdomOBP77,,,Musca domestica,Mdom,OBP77,OBP,,,Musca domestica odorant-binding protein; nomenclature follows Drosophila orthologs. Source: Younus et al. 2014 J Exp Biol / NCBI RefSeq GCA_000371365.1,NCBI RefSeq (Musca domestica GCA_000371365.1); see Xu et al. 2020
MdomOBP78,MdomOBP78,,,Musca domestica,Mdom,OBP78,OBP,,,Musca domestica odorant-binding protein; nomenclature follows Drosophila orthologs. Source: Younus et al. 2014 J Exp Biol / NCBI RefSeq GCA_000371365.1,NCBI RefSeq (Musca domestica GCA_000371365.1); see Xu et al. 2020
MdomOBP79NTE,MdomOBP79NTE,,,Musca domestica,Mdom,OBP79NTE,OBP,,,Musca domestica odorant-binding protein; nomenclature follows Drosophila orthologs. Source: Younus et al. 2014 J Exp Biol / NCBI RefSeq GCA_000371365.1,NCBI RefSeq (Musca domestica GCA_000371365.1); see Xu et al. 2020
MdomOBP80,MdomOBP80,,,Musca domestica,Mdom,OBP80,OBP,,,Musca domestica odorant-binding protein; nomenclature follows Drosophila orthologs. Source: Younus et al. 2014 J Exp Biol / NCBI RefSeq GCA_000371365.1,NCBI RefSeq (Musca domestica GCA_000371365.1); see Xu et al. 2020
MdomOBP81,MdomOBP81,,,Musca domestica,Mdom,OBP81,OBP,,,Musca domestica odorant-binding protein; nomenclature follows Drosophila orthologs. Source: Younus et al. 2014 J Exp Biol / NCBI RefSeq GCA_000371365.1,NCBI RefSeq (Musca domestica GCA_000371365.1); see Xu et al. 2020
MdomOBP82,MdomOBP82,,,Musca domestica,Mdom,OBP82,OBP,,,Musca domestica odorant-binding protein; nomenclature follows Drosophila orthologs. Source: Younus et al. 2014 J Exp Biol / NCBI RefSeq GCA_000371365.1,NCBI RefSeq (Musca domestica GCA_000371365.1); see Xu et al. 2020
MdomOBP83INT,MdomOBP83INT,,,Musca domestica,Mdom,OBP83INT,OBP,,,Musca domestica odorant-binding protein; nomenclature follows Drosophila orthologs. Source: Younus et al. 2014 J Exp Biol / NCBI RefSeq GCA_000371365.1,NCBI RefSeq (Musca domestica GCA_000371365.1); see Xu et al. 2020
MdomOBP84,MdomOBP84,,,Musca domestica,Mdom,OBP84,OBP,,,Musca domestica odorant-binding protein; nomenclature follows Drosophila orthologs. Source: Younus et al. 2014 J Exp Biol / NCBI RefSeq GCA_000371365.1,NCBI RefSeq (Musca domestica GCA_000371365.1); see Xu et al. 2020
MdomOBP85,MdomOBP85,,,Musca domestica,Mdom,OBP85,OBP,,,Musca domestica odorant-binding protein; nomenclature follows Drosophila orthologs. Source: Younus et al. 2014 J Exp Biol / NCBI RefSeq GCA_000371365.1,NCBI RefSeq (Musca domestica GCA_000371365.1); see Xu et al. 2020
MdomOBP86,MdomOBP86,,,Musca domestica,Mdom,OBP86,OBP,,,Musca domestica odorant-binding protein; nomenclature follows Drosophila orthologs. Source: Younus et al. 2014 J Exp Biol / NCBI RefSeq GCA_000371365.1,NCBI RefSeq (Musca domestica GCA_000371365.1); see Xu et al. 2020
MdomOBP87NTE,MdomOBP87NTE,,,Musca domestica,Mdom,OBP87NTE,OBP,,,Musca domestica odorant-binding protein; nomenclature follows Drosophila orthologs. Source: Younus et al. 2014 J Exp Biol / NCBI RefSeq GCA_000371365.1,NCBI RefSeq (Musca domestica GCA_000371365.1); see Xu et al. 2020
AaegOBP1,AaegOBP1,,,Aedes aegypti,Aaeg,OBP1,OBP,AaegObp1,AaegObp1,Odorant-binding protein OBP1 [Aedes aegypti]; gene name based on Drosophila ortholog nomenclature; see accompanying FASTA for sequence,VectorBase / Matthews et al. 2018 Nature (AaegL5; doi:10.1038/s41586-018-0692-z)
AaegOBP10,AaegOBP10,,,Aedes aegypti,Aaeg,OBP10,OBP,Q8WPC2.1,Q8WPC2.1,RecName: Full=Odorant-binding protein 10; Short=Aaeg-OBP10; Short=OBP10; Flags: Precursor,VectorBase / NCBI (Aedes aegypti LVPAgWG)
AaegOBP103,AaegOBP103,,,Aedes aegypti,Aaeg,OBP103,OBP,AaegObp103,AaegObp103,Odorant-binding protein OBP103 [Aedes aegypti]; gene name based on Drosophila ortholog nomenclature; see accompanying FASTA for sequence,VectorBase / Matthews et al. 2018 Nature (AaegL5; doi:10.1038/s41586-018-0692-z)
AaegOBP104,AaegOBP104,,,Aedes aegypti,Aaeg,OBP104,OBP,AaegObp104,AaegObp104,Odorant-binding protein OBP104 [Aedes aegypti]; gene name based on Drosophila ortholog nomenclature; see accompanying FASTA for sequence,VectorBase / Matthews et al. 2018 Nature (AaegL5; doi:10.1038/s41586-018-0692-z)
AaegOBP105,AaegOBP105,,,Aedes aegypti,Aaeg,OBP105,OBP,AaegObp105,AaegObp105,Odorant-binding protein OBP105 [Aedes aegypti]; gene name based on Drosophila ortholog nomenclature; see accompanying FASTA for sequence,VectorBase / Matthews et al. 2018 Nature (AaegL5; doi:10.1038/s41586-018-0692-z)
AaegOBP107,AaegOBP107,,,Aedes aegypti,Aaeg,OBP107,OBP,AaegObp107,AaegObp107,Odorant-binding protein OBP107 [Aedes aegypti]; gene name based on Drosophila ortholog nomenclature; see accompanying FASTA for sequence,VectorBase / Matthews et al. 2018 Nature (AaegL5; doi:10.1038/s41586-018-0692-z)
AaegOBP112,AaegOBP112,,,Aedes aegypti,Aaeg,OBP112,OBP,AaegObp112,AaegObp112,Odorant-binding protein OBP112 [Aedes aegypti]; gene name based on Drosophila ortholog nomenclature; see accompanying FASTA for sequence,VectorBase / Matthews et al. 2018 Nature (AaegL5; doi:10.1038/s41586-018-0692-z)
AaegOBP12,AaegOBP12,,,Aedes aegypti,Aaeg,OBP12,OBP,AaegObp12,AaegObp12,Odorant-binding protein OBP12 [Aedes aegypti]; gene name based on Drosophila ortholog nomenclature; see accompanying FASTA for sequence,VectorBase / Matthews et al. 2018 Nature (AaegL5; doi:10.1038/s41586-018-0692-z)
AaegOBP13,AaegOBP13,,,Aedes aegypti,Aaeg,OBP13,OBP,AaegObp13,AaegObp13,Odorant-binding protein OBP13 [Aedes aegypti]; gene name based on Drosophila ortholog nomenclature; see accompanying FASTA for sequence,VectorBase / Matthews et al. 2018 Nature (AaegL5; doi:10.1038/s41586-018-0692-z)
AaegOBP14,AaegOBP14,,,Aedes aegypti,Aaeg,OBP14,OBP,AaegObp14,AaegObp14,Odorant-binding protein OBP14 [Aedes aegypti]; gene name based on Drosophila ortholog nomenclature; see accompanying FASTA for sequence,VectorBase / Matthews et al. 2018 Nature (AaegL5; doi:10.1038/s41586-018-0692-z)
AaegOBP15,AaegOBP15,,,Aedes aegypti,Aaeg,OBP15,OBP,AaegObp15,AaegObp15,Odorant-binding protein OBP15 [Aedes aegypti]; gene name based on Drosophila ortholog nomenclature; see accompanying FASTA for sequence,VectorBase / Matthews et al. 2018 Nature (AaegL5; doi:10.1038/s41586-018-0692-z)
AaegOBP17,AaegOBP17,,,Aedes aegypti,Aaeg,OBP17,OBP,AaegObp17,AaegObp17,Odorant-binding protein OBP17 [Aedes aegypti]; gene name based on Drosophila ortholog nomenclature; see accompanying FASTA for sequence,VectorBase / Matthews et al. 2018 Nature (AaegL5; doi:10.1038/s41586-018-0692-z)
AaegOBP18,AaegOBP18,,,Aedes aegypti,Aaeg,OBP18,OBP,AaegObp18,AaegObp18,Odorant-binding protein OBP18 [Aedes aegypti]; gene name based on Drosophila ortholog nomenclature; see accompanying FASTA for sequence,VectorBase / Matthews et al. 2018 Nature (AaegL5; doi:10.1038/s41586-018-0692-z)
AaegOBP19,AaegOBP19,,,Aedes aegypti,Aaeg,OBP19,OBP,AaegObp19,AaegObp19,Odorant-binding protein OBP19 [Aedes aegypti]; gene name based on Drosophila ortholog nomenclature; see accompanying FASTA for sequence,VectorBase / Matthews et al. 2018 Nature (AaegL5; doi:10.1038/s41586-018-0692-z)
AaegOBP2,AaegOBP2,,,Aedes aegypti,Aaeg,OBP2,OBP,AaegObp2,AaegObp2,Odorant-binding protein OBP2 [Aedes aegypti]; gene name based on Drosophila ortholog nomenclature; see accompanying FASTA for sequence,VectorBase / Matthews et al. 2018 Nature (AaegL5; doi:10.1038/s41586-018-0692-z)
AaegOBP21,AaegOBP21,,,Aedes aegypti,Aaeg,OBP21,OBP,AaegObp21,AaegObp21,Odorant-binding protein OBP21 [Aedes aegypti]; gene name based on Drosophila ortholog nomenclature; see accompanying FASTA for sequence,VectorBase / Matthews et al. 2018 Nature (AaegL5; doi:10.1038/s41586-018-0692-z)
AaegOBP22,AaegOBP22,,,Aedes aegypti,Aaeg,OBP22,OBP,AaegObp22,AaegObp22,RecName: Full=Odorant-binding protein 22; Short=AeOBP22; Short=OBP22; Flags: Precursor,VectorBase / Matthews et al. 2018 Nature (AaegL5; doi:10.1038/s41586-018-0692-z)
AaegOBP23,AaegOBP23,,,Aedes aegypti,Aaeg,OBP23,OBP,AaegObp23,AaegObp23,Odorant-binding protein OBP23 [Aedes aegypti]; gene name based on Drosophila ortholog nomenclature; see accompanying FASTA for sequence,VectorBase / Matthews et al. 2018 Nature (AaegL5; doi:10.1038/s41586-018-0692-z)
AaegOBP25,AaegOBP25,,,Aedes aegypti,Aaeg,OBP25,OBP,,,Odorant-binding protein OBP25 [Aedes aegypti]; gene name based on Drosophila ortholog nomenclature; see accompanying FASTA for sequence,VectorBase / NCBI (Aedes aegypti LVPAgWG)
AaegOBP3,AaegOBP3,,,Aedes aegypti,Aaeg,OBP3,OBP,AaegObp3,AaegObp3,Odorant-binding protein OBP3 [Aedes aegypti]; gene name based on Drosophila ortholog nomenclature; see accompanying FASTA for sequence,VectorBase / Matthews et al. 2018 Nature (AaegL5; doi:10.1038/s41586-018-0692-z)
AaegOBP33,AaegOBP33,,,Aedes aegypti,Aaeg,OBP33,OBP,AaegObp33,AaegObp33,Odorant-binding protein OBP33 [Aedes aegypti]; gene name based on Drosophila ortholog nomenclature; see accompanying FASTA for sequence,VectorBase / Matthews et al. 2018 Nature (AaegL5; doi:10.1038/s41586-018-0692-z)
AaegOBP34,AaegOBP34,,,Aedes aegypti,Aaeg,OBP34,OBP,AaegObp34,AaegObp34,Odorant-binding protein OBP34 [Aedes aegypti]; gene name based on Drosophila ortholog nomenclature; see accompanying FASTA for sequence,VectorBase / Matthews et al. 2018 Nature (AaegL5; doi:10.1038/s41586-018-0692-z)
AaegOBP35,AaegOBP35,,,Aedes aegypti,Aaeg,OBP35,OBP,AaegObp35,AaegObp35,Odorant-binding protein OBP35 [Aedes aegypti]; gene name based on Drosophila ortholog nomenclature; see accompanying FASTA for sequence,VectorBase / Matthews et al. 2018 Nature (AaegL5; doi:10.1038/s41586-018-0692-z)
AaegOBP38,AaegOBP38,,,Aedes aegypti,Aaeg,OBP38,OBP,AaegObp38,AaegObp38,Odorant-binding protein OBP38 [Aedes aegypti]; gene name based on Drosophila ortholog nomenclature; see accompanying FASTA for sequence,VectorBase / Matthews et al. 2018 Nature (AaegL5; doi:10.1038/s41586-018-0692-z)
AaegOBP39,AaegOBP39,,,Aedes aegypti,Aaeg,OBP39,OBP,AaegObp39,AaegObp39,Odorant-binding protein OBP39 [Aedes aegypti]; gene name based on Drosophila ortholog nomenclature; see accompanying FASTA for sequence,VectorBase / Matthews et al. 2018 Nature (AaegL5; doi:10.1038/s41586-018-0692-z)
AaegOBP4,AaegOBP4,,,Aedes aegypti,Aaeg,OBP4,OBP,,,Odorant-binding protein OBP4 [Aedes aegypti]; gene name based on Drosophila ortholog nomenclature; see accompanying FASTA for sequence,VectorBase / NCBI (Aedes aegypti LVPAgWG)
AaegOBP40,AaegOBP40,,,Aedes aegypti,Aaeg,OBP40,OBP,AaegObp40,AaegObp40,Odorant-binding protein OBP40 [Aedes aegypti]; gene name based on Drosophila ortholog nomenclature; see accompanying FASTA for sequence,VectorBase / Matthews et al. 2018 Nature (AaegL5; doi:10.1038/s41586-018-0692-z)
AaegOBP41,AaegOBP41,,,Aedes aegypti,Aaeg,OBP41,OBP,AaegObp41,AaegObp41,Odorant-binding protein OBP41 [Aedes aegypti]; gene name based on Drosophila ortholog nomenclature; see accompanying FASTA for sequence,VectorBase / Matthews et al. 2018 Nature (AaegL5; doi:10.1038/s41586-018-0692-z)
AaegOBP43,AaegOBP43,,,Aedes aegypti,Aaeg,OBP43,OBP,AaegObp43,AaegObp43,Odorant-binding protein OBP43 [Aedes aegypti]; gene name based on Drosophila ortholog nomenclature; see accompanying FASTA for sequence,VectorBase / Matthews et al. 2018 Nature (AaegL5; doi:10.1038/s41586-018-0692-z)
AaegOBP45,AaegOBP45,,,Aedes aegypti,Aaeg,OBP45,OBP,Q16S34.1,Q16S34.1,RecName: Full=General odorant-binding protein 45; Flags: Precursor,VectorBase / NCBI (Aedes aegypti LVPAgWG)
AaegOBP46,AaegOBP46,,,Aedes aegypti,Aaeg,OBP46,OBP,AaegObp46,AaegObp46,Odorant-binding protein OBP46 [Aedes aegypti]; gene name based on Drosophila ortholog nomenclature; see accompanying FASTA for sequence,VectorBase / Matthews et al. 2018 Nature (AaegL5; doi:10.1038/s41586-018-0692-z)
AaegOBP47,AaegOBP47,,,Aedes aegypti,Aaeg,OBP47,OBP,AaegObp47,AaegObp47,Odorant-binding protein OBP47 [Aedes aegypti]; gene name based on Drosophila ortholog nomenclature; see accompanying FASTA for sequence,VectorBase / Matthews et al. 2018 Nature (AaegL5; doi:10.1038/s41586-018-0692-z)
AaegOBP48,AaegOBP48,,,Aedes aegypti,Aaeg,OBP48,OBP,AaegObp48,AaegObp48,Odorant-binding protein OBP48 [Aedes aegypti]; gene name based on Drosophila ortholog nomenclature; see accompanying FASTA for sequence,VectorBase / Matthews et al. 2018 Nature (AaegL5; doi:10.1038/s41586-018-0692-z)
AaegOBP5,AaegOBP5,,,Aedes aegypti,Aaeg,OBP5,OBP,,,Odorant-binding protein OBP5 [Aedes aegypti]; gene name based on Drosophila ortholog nomenclature; see accompanying FASTA for sequence,VectorBase / NCBI (Aedes aegypti LVPAgWG)
AaegOBP51,AaegOBP51,,,Aedes aegypti,Aaeg,OBP51,OBP,AaegObp51,AaegObp51,Odorant-binding protein OBP51 [Aedes aegypti]; gene name based on Drosophila ortholog nomenclature; see accompanying FASTA for sequence,VectorBase / Matthews et al. 2018 Nature (AaegL5; doi:10.1038/s41586-018-0692-z)
AaegOBP52,AaegOBP52,,,Aedes aegypti,Aaeg,OBP52,OBP,AaegObp52,AaegObp52,Odorant-binding protein OBP52 [Aedes aegypti]; gene name based on Drosophila ortholog nomenclature; see accompanying FASTA for sequence,VectorBase / Matthews et al. 2018 Nature (AaegL5; doi:10.1038/s41586-018-0692-z)
AaegOBP54,AaegOBP54,,,Aedes aegypti,Aaeg,OBP54,OBP,,,Odorant-binding protein OBP54 [Aedes aegypti]; gene name based on Drosophila ortholog nomenclature; see accompanying FASTA for sequence,VectorBase / NCBI (Aedes aegypti LVPAgWG)
AaegOBP55,AaegOBP55,,,Aedes aegypti,Aaeg,OBP55,OBP,AaegObp55,AaegObp55,Odorant-binding protein OBP55 [Aedes aegypti]; gene name based on Drosophila ortholog nomenclature; see accompanying FASTA for sequence,VectorBase / Matthews et al. 2018 Nature (AaegL5; doi:10.1038/s41586-018-0692-z)
AaegOBP56,AaegOBP56,,,Aedes aegypti,Aaeg,OBP56,OBP,,,Odorant-binding protein OBP56 [Aedes aegypti]; gene name based on Drosophila ortholog nomenclature; see accompanying FASTA for sequence,VectorBase / NCBI (Aedes aegypti LVPAgWG)
AaegOBP59,AaegOBP59,,,Aedes aegypti,Aaeg,OBP59,OBP,AaegObp59,AaegObp59,Odorant-binding protein OBP59 [Aedes aegypti]; gene name based on Drosophila ortholog nomenclature; see accompanying FASTA for sequence,VectorBase / Matthews et al. 2018 Nature (AaegL5; doi:10.1038/s41586-018-0692-z)
AaegOBP6,AaegOBP6,,,Aedes aegypti,Aaeg,OBP6,OBP,,,Odorant-binding protein OBP6 [Aedes aegypti]; gene name based on Drosophila ortholog nomenclature; see accompanying FASTA for sequence,VectorBase / NCBI (Aedes aegypti LVPAgWG)
AaegOBP62,AaegOBP62,,,Aedes aegypti,Aaeg,OBP62,OBP,,,Odorant-binding protein OBP62 [Aedes aegypti]; gene name based on Drosophila ortholog nomenclature; see accompanying FASTA for sequence,VectorBase / NCBI (Aedes aegypti LVPAgWG)
AaegOBP63,AaegOBP63,,,Aedes aegypti,Aaeg,OBP63,OBP,AaegObp63,AaegObp63,Odorant-binding protein OBP63 [Aedes aegypti]; gene name based on Drosophila ortholog nomenclature; see accompanying FASTA for sequence,VectorBase / Matthews et al. 2018 Nature (AaegL5; doi:10.1038/s41586-018-0692-z)
AaegOBP64,AaegOBP64,,,Aedes aegypti,Aaeg,OBP64,OBP,,,Odorant-binding protein OBP64 [Aedes aegypti]; gene name based on Drosophila ortholog nomenclature; see accompanying FASTA for sequence,VectorBase / NCBI (Aedes aegypti LVPAgWG)
AaegOBP65,AaegOBP65,,,Aedes aegypti,Aaeg,OBP65,OBP,AaegObp65,AaegObp65,Odorant-binding protein OBP65 [Aedes aegypti]; gene name based on Drosophila ortholog nomenclature; see accompanying FASTA for sequence,VectorBase / Matthews et al. 2018 Nature (AaegL5; doi:10.1038/s41586-018-0692-z)
AaegOBP67,AaegOBP67,,,Aedes aegypti,Aaeg,OBP67,OBP,AaegObp67,AaegObp67,Odorant-binding protein OBP67 [Aedes aegypti]; gene name based on Drosophila ortholog nomenclature; see accompanying FASTA for sequence,VectorBase / Matthews et al. 2018 Nature (AaegL5; doi:10.1038/s41586-018-0692-z)
AaegOBP7,AaegOBP7,,,Aedes aegypti,Aaeg,OBP7,OBP,AaegObp7,AaegObp7,Odorant-binding protein OBP7 [Aedes aegypti]; gene name based on Drosophila ortholog nomenclature; see accompanying FASTA for sequence,VectorBase / Matthews et al. 2018 Nature (AaegL5; doi:10.1038/s41586-018-0692-z)
AaegOBP73,AaegOBP73,,,Aedes aegypti,Aaeg,OBP73,OBP,AaegObp73,AaegObp73,Odorant-binding protein OBP73 [Aedes aegypti]; gene name based on Drosophila ortholog nomenclature; see accompanying FASTA for sequence,VectorBase / Matthews et al. 2018 Nature (AaegL5; doi:10.1038/s41586-018-0692-z)
AaegOBP74,AaegOBP74,,,Aedes aegypti,Aaeg,OBP74,OBP,AaegObp74,AaegObp74,Odorant-binding protein OBP74 [Aedes aegypti]; gene name based on Drosophila ortholog nomenclature; see accompanying FASTA for sequence,VectorBase / Matthews et al. 2018 Nature (AaegL5; doi:10.1038/s41586-018-0692-z)
AaegOBP75,AaegOBP75,,,Aedes aegypti,Aaeg,OBP75,OBP,AaegObp75,AaegObp75,Odorant-binding protein OBP75 [Aedes aegypti]; gene name based on Drosophila ortholog nomenclature; see accompanying FASTA for sequence,VectorBase / Matthews et al. 2018 Nature (AaegL5; doi:10.1038/s41586-018-0692-z)
AaegOBP78,AaegOBP78,,,Aedes aegypti,Aaeg,OBP78,OBP,AaegObp78,AaegObp78,Odorant-binding protein OBP78 [Aedes aegypti]; gene name based on Drosophila ortholog nomenclature; see accompanying FASTA for sequence,VectorBase / Matthews et al. 2018 Nature (AaegL5; doi:10.1038/s41586-018-0692-z)
AaegOBP8,AaegOBP8,,,Aedes aegypti,Aaeg,OBP8,OBP,AaegObp8,AaegObp8,Odorant-binding protein OBP8 [Aedes aegypti]; gene name based on Drosophila ortholog nomenclature; see accompanying FASTA for sequence,VectorBase / Matthews et al. 2018 Nature (AaegL5; doi:10.1038/s41586-018-0692-z)
AaegOBP81,AaegOBP81,,,Aedes aegypti,Aaeg,OBP81,OBP,,,Odorant-binding protein OBP81 [Aedes aegypti]; gene name based on Drosophila ortholog nomenclature; see accompanying FASTA for sequence,VectorBase / NCBI (Aedes aegypti LVPAgWG)
AaegOBP83,AaegOBP83,,,Aedes aegypti,Aaeg,OBP83,OBP,AaegObp83,AaegObp83,Odorant-binding protein OBP83 [Aedes aegypti]; gene name based on Drosophila ortholog nomenclature; see accompanying FASTA for sequence,VectorBase / Matthews et al. 2018 Nature (AaegL5; doi:10.1038/s41586-018-0692-z)
AaegOBP90,AaegOBP90,,,Aedes aegypti,Aaeg,OBP90,OBP,AaegObp90,AaegObp90,Odorant-binding protein OBP90 [Aedes aegypti]; gene name based on Drosophila ortholog nomenclature; see accompanying FASTA for sequence,VectorBase / Matthews et al. 2018 Nature (AaegL5; doi:10.1038/s41586-018-0692-z)
AaegOBP97,AaegOBP97,,,Aedes aegypti,Aaeg,OBP97,OBP,AaegObp97,AaegObp97,Odorant-binding protein OBP97 [Aedes aegypti]; gene name based on Drosophila ortholog nomenclature; see accompanying FASTA for sequence,VectorBase / Matthews et al. 2018 Nature (AaegL5; doi:10.1038/s41586-018-0692-z)
