Hill_ID,Hill_gene_symbol,Transcript_ID,Protein_accession,Family,Nearest_outgroup_genes,Nearest_outgroup_species,n_Hill_in_clade,n_outgroup_in_clade,Bootstrap_support,Orthology_type,Putative_function_from_Dmel,Notes
HillOR3,OR3,XM_038060286.1,XP_037916214.1,OR,MdomOR81;MdomOR8;MdomOR10;MdomOR9;CstyOR7a.2;DmelOR7a;CstyOR7a.1;CstyOR112;MdomOR22;DmelOR43b;CstyOR42b;DmelOR42a;DmelOR59c;DmelOR59b;CstyOR118;DmelOR42b;DmelOR85a;DmelOR98a;DmelOR22b;DmelOR22a,Musca domestica;Calliphora stygia;Drosophila melanogaster,79,20,87,ortholog_group,Odorant receptor 7a;Odorant receptor 43b;Odorant receptor 42a;Putative odorant receptor 59c;Odorant receptor 59b;Odorant receptor 42b;Odorant receptor 85a;Odorant receptor 98a;Odorant receptor 22b;Odorant receptor 22a,Many-to-many ortholog group (79 Hill / 20 outgroup genes)
HillOR4,OR4,XM_038060288.1,XP_037916216.1,OR,MdomOR81;MdomOR8;MdomOR10;MdomOR9;CstyOR7a.2;DmelOR7a;CstyOR7a.1;CstyOR112;MdomOR22;DmelOR43b;CstyOR42b;DmelOR42a;DmelOR59c;DmelOR59b;CstyOR118;DmelOR42b;DmelOR85a;DmelOR98a;DmelOR22b;DmelOR22a,Musca domestica;Calliphora stygia;Drosophila melanogaster,79,20,87,ortholog_group,Odorant receptor 7a;Odorant receptor 43b;Odorant receptor 42a;Putative odorant receptor 59c;Odorant receptor 59b;Odorant receptor 42b;Odorant receptor 85a;Odorant receptor 98a;Odorant receptor 22b;Odorant receptor 22a,Many-to-many ortholog group (79 Hill / 20 outgroup genes)
HillOR5,OR5,XM_038060285.1,XP_037916213.1,OR,MdomOR81;MdomOR8;MdomOR10;MdomOR9;CstyOR7a.2;DmelOR7a;CstyOR7a.1;CstyOR112;MdomOR22;DmelOR43b;CstyOR42b;DmelOR42a;DmelOR59c;DmelOR59b;CstyOR118;DmelOR42b;DmelOR85a;DmelOR98a;DmelOR22b;DmelOR22a,Musca domestica;Calliphora stygia;Drosophila melanogaster,79,20,87,ortholog_group,Odorant receptor 7a;Odorant receptor 43b;Odorant receptor 42a;Putative odorant receptor 59c;Odorant receptor 59b;Odorant receptor 42b;Odorant receptor 85a;Odorant receptor 98a;Odorant receptor 22b;Odorant receptor 22a,Many-to-many ortholog group (79 Hill / 20 outgroup genes)
HillOR6,OR6,XM_038060284.1,XP_037916212.1,OR,MdomOR81;MdomOR8;MdomOR10;MdomOR9;CstyOR7a.2;DmelOR7a;CstyOR7a.1;CstyOR112;MdomOR22;DmelOR43b;CstyOR42b;DmelOR42a;DmelOR59c;DmelOR59b;CstyOR118;DmelOR42b;DmelOR85a;DmelOR98a;DmelOR22b;DmelOR22a,Musca domestica;Calliphora stygia;Drosophila melanogaster,79,20,87,ortholog_group,Odorant receptor 7a;Odorant receptor 43b;Odorant receptor 42a;Putative odorant receptor 59c;Odorant receptor 59b;Odorant receptor 42b;Odorant receptor 85a;Odorant receptor 98a;Odorant receptor 22b;Odorant receptor 22a,Many-to-many ortholog group (79 Hill / 20 outgroup genes)
HillOR7,OR7,XM_038060282.1,XP_037916210.1,OR,MdomOR81;MdomOR8;MdomOR10;MdomOR9;CstyOR7a.2;DmelOR7a;CstyOR7a.1;CstyOR112;MdomOR22;DmelOR43b;CstyOR42b;DmelOR42a;DmelOR59c;DmelOR59b;CstyOR118;DmelOR42b;DmelOR85a;DmelOR98a;DmelOR22b;DmelOR22a,Musca domestica;Calliphora stygia;Drosophila melanogaster,79,20,87,ortholog_group,Odorant receptor 7a;Odorant receptor 43b;Odorant receptor 42a;Putative odorant receptor 59c;Odorant receptor 59b;Odorant receptor 42b;Odorant receptor 85a;Odorant receptor 98a;Odorant receptor 22b;Odorant receptor 22a,Many-to-many ortholog group (79 Hill / 20 outgroup genes)
HillOR8,OR8,XM_038060287.1,XP_037916215.1,OR,MdomOR81;MdomOR8;MdomOR10;MdomOR9;CstyOR7a.2;DmelOR7a;CstyOR7a.1;CstyOR112;MdomOR22;DmelOR43b;CstyOR42b;DmelOR42a;DmelOR59c;DmelOR59b;CstyOR118;DmelOR42b;DmelOR85a;DmelOR98a;DmelOR22b;DmelOR22a,Musca domestica;Calliphora stygia;Drosophila melanogaster,79,20,87,ortholog_group,Odorant receptor 7a;Odorant receptor 43b;Odorant receptor 42a;Putative odorant receptor 59c;Odorant receptor 59b;Odorant receptor 42b;Odorant receptor 85a;Odorant receptor 98a;Odorant receptor 22b;Odorant receptor 22a,Many-to-many ortholog group (79 Hill / 20 outgroup genes)
HillOR9,OR9,XM_038060290.1,XP_037916218.1,OR,MdomOR81;MdomOR8;MdomOR10;MdomOR9;CstyOR7a.2;DmelOR7a;CstyOR7a.1;CstyOR112;MdomOR22;DmelOR43b;CstyOR42b;DmelOR42a;DmelOR59c;DmelOR59b;CstyOR118;DmelOR42b;DmelOR85a;DmelOR98a;DmelOR22b;DmelOR22a,Musca domestica;Calliphora stygia;Drosophila melanogaster,79,20,87,ortholog_group,Odorant receptor 7a;Odorant receptor 43b;Odorant receptor 42a;Putative odorant receptor 59c;Odorant receptor 59b;Odorant receptor 42b;Odorant receptor 85a;Odorant receptor 98a;Odorant receptor 22b;Odorant receptor 22a,Many-to-many ortholog group (79 Hill / 20 outgroup genes)
HillOR10,OR10,XM_038060289.1,XP_037916217.1,OR,MdomOR81;MdomOR8;MdomOR10;MdomOR9;CstyOR7a.2;DmelOR7a;CstyOR7a.1;CstyOR112;MdomOR22;DmelOR43b;CstyOR42b;DmelOR42a;DmelOR59c;DmelOR59b;CstyOR118;DmelOR42b;DmelOR85a;DmelOR98a;DmelOR22b;DmelOR22a,Musca domestica;Calliphora stygia;Drosophila melanogaster,79,20,87,ortholog_group,Odorant receptor 7a;Odorant receptor 43b;Odorant receptor 42a;Putative odorant receptor 59c;Odorant receptor 59b;Odorant receptor 42b;Odorant receptor 85a;Odorant receptor 98a;Odorant receptor 22b;Odorant receptor 22a,Many-to-many ortholog group (79 Hill / 20 outgroup genes)
HillOR11,OR11,XM_038060291.1,XP_037916219.1,OR,MdomOR81;MdomOR8;MdomOR10;MdomOR9;CstyOR7a.2;DmelOR7a;CstyOR7a.1;CstyOR112;MdomOR22;DmelOR43b;CstyOR42b;DmelOR42a;DmelOR59c;DmelOR59b;CstyOR118;DmelOR42b;DmelOR85a;DmelOR98a;DmelOR22b;DmelOR22a,Musca domestica;Calliphora stygia;Drosophila melanogaster,79,20,87,ortholog_group,Odorant receptor 7a;Odorant receptor 43b;Odorant receptor 42a;Putative odorant receptor 59c;Odorant receptor 59b;Odorant receptor 42b;Odorant receptor 85a;Odorant receptor 98a;Odorant receptor 22b;Odorant receptor 22a,Many-to-many ortholog group (79 Hill / 20 outgroup genes)
HillOR12,OR12,XM_038060292.1,XP_037916220.1,OR,MdomOR81;MdomOR8;MdomOR10;MdomOR9;CstyOR7a.2;DmelOR7a;CstyOR7a.1;CstyOR112;MdomOR22;DmelOR43b;CstyOR42b;DmelOR42a;DmelOR59c;DmelOR59b;CstyOR118;DmelOR42b;DmelOR85a;DmelOR98a;DmelOR22b;DmelOR22a,Musca domestica;Calliphora stygia;Drosophila melanogaster,79,20,87,ortholog_group,Odorant receptor 7a;Odorant receptor 43b;Odorant receptor 42a;Putative odorant receptor 59c;Odorant receptor 59b;Odorant receptor 42b;Odorant receptor 85a;Odorant receptor 98a;Odorant receptor 22b;Odorant receptor 22a,Many-to-many ortholog group (79 Hill / 20 outgroup genes)
HillOR13,OR13,XM_038062757.1,XP_037918685.1,OR,MdomOR81;MdomOR8;MdomOR10;MdomOR9;CstyOR7a.2;DmelOR7a;CstyOR7a.1;CstyOR112;MdomOR22;DmelOR43b;CstyOR42b;DmelOR42a;DmelOR59c;DmelOR59b;CstyOR118;DmelOR42b;DmelOR85a;DmelOR98a;DmelOR22b;DmelOR22a,Musca domestica;Calliphora stygia;Drosophila melanogaster,79,20,87,ortholog_group,Odorant receptor 7a;Odorant receptor 43b;Odorant receptor 42a;Putative odorant receptor 59c;Odorant receptor 59b;Odorant receptor 42b;Odorant receptor 85a;Odorant receptor 98a;Odorant receptor 22b;Odorant receptor 22a,Many-to-many ortholog group (79 Hill / 20 outgroup genes)
HillOR14,OR14,XM_038059166.1,XP_037915094.1,OR,MdomOR81;MdomOR8;MdomOR10;MdomOR9;CstyOR7a.2;DmelOR7a;CstyOR7a.1;CstyOR112;MdomOR22;DmelOR43b;CstyOR42b;DmelOR42a;DmelOR59c;DmelOR59b;CstyOR118;DmelOR42b;DmelOR85a;DmelOR98a;DmelOR22b;DmelOR22a,Musca domestica;Calliphora stygia;Drosophila melanogaster,79,20,87,ortholog_group,Odorant receptor 7a;Odorant receptor 43b;Odorant receptor 42a;Putative odorant receptor 59c;Odorant receptor 59b;Odorant receptor 42b;Odorant receptor 85a;Odorant receptor 98a;Odorant receptor 22b;Odorant receptor 22a,Many-to-many ortholog group (79 Hill / 20 outgroup genes)
HillOR15,OR15,XM_038062627.1,XP_037918555.1,OR,MdomOR81;MdomOR8;MdomOR10;MdomOR9;CstyOR7a.2;DmelOR7a;CstyOR7a.1;CstyOR112;MdomOR22;DmelOR43b;CstyOR42b;DmelOR42a;DmelOR59c;DmelOR59b;CstyOR118;DmelOR42b;DmelOR85a;DmelOR98a;DmelOR22b;DmelOR22a,Musca domestica;Calliphora stygia;Drosophila melanogaster,79,20,87,ortholog_group,Odorant receptor 7a;Odorant receptor 43b;Odorant receptor 42a;Putative odorant receptor 59c;Odorant receptor 59b;Odorant receptor 42b;Odorant receptor 85a;Odorant receptor 98a;Odorant receptor 22b;Odorant receptor 22a,Many-to-many ortholog group (79 Hill / 20 outgroup genes)
HillOR16,OR16,XM_038068406.1,XP_037924334.1,OR,MdomOR81;MdomOR8;MdomOR10;MdomOR9;CstyOR7a.2;DmelOR7a;CstyOR7a.1;CstyOR112;MdomOR22;DmelOR43b;CstyOR42b;DmelOR42a;DmelOR59c;DmelOR59b;CstyOR118;DmelOR42b;DmelOR85a;DmelOR98a;DmelOR22b;DmelOR22a,Musca domestica;Calliphora stygia;Drosophila melanogaster,79,20,87,ortholog_group,Odorant receptor 7a;Odorant receptor 43b;Odorant receptor 42a;Putative odorant receptor 59c;Odorant receptor 59b;Odorant receptor 42b;Odorant receptor 85a;Odorant receptor 98a;Odorant receptor 22b;Odorant receptor 22a,Many-to-many ortholog group (79 Hill / 20 outgroup genes)
HillOR17,OR17,XM_038062629.1,XP_037918557.1,OR,MdomOR81;MdomOR8;MdomOR10;MdomOR9;CstyOR7a.2;DmelOR7a;CstyOR7a.1;CstyOR112;MdomOR22;DmelOR43b;CstyOR42b;DmelOR42a;DmelOR59c;DmelOR59b;CstyOR118;DmelOR42b;DmelOR85a;DmelOR98a;DmelOR22b;DmelOR22a,Musca domestica;Calliphora stygia;Drosophila melanogaster,79,20,87,ortholog_group,Odorant receptor 7a;Odorant receptor 43b;Odorant receptor 42a;Putative odorant receptor 59c;Odorant receptor 59b;Odorant receptor 42b;Odorant receptor 85a;Odorant receptor 98a;Odorant receptor 22b;Odorant receptor 22a,Many-to-many ortholog group (79 Hill / 20 outgroup genes)
HillOR18,OR18,XM_038061246.1,XP_037917174.1,OR,MdomOR81;MdomOR8;MdomOR10;MdomOR9;CstyOR7a.2;DmelOR7a;CstyOR7a.1;CstyOR112;MdomOR22;DmelOR43b;CstyOR42b;DmelOR42a;DmelOR59c;DmelOR59b;CstyOR118;DmelOR42b;DmelOR85a;DmelOR98a;DmelOR22b;DmelOR22a,Musca domestica;Calliphora stygia;Drosophila melanogaster,79,20,87,ortholog_group,Odorant receptor 7a;Odorant receptor 43b;Odorant receptor 42a;Putative odorant receptor 59c;Odorant receptor 59b;Odorant receptor 42b;Odorant receptor 85a;Odorant receptor 98a;Odorant receptor 22b;Odorant receptor 22a,Many-to-many ortholog group (79 Hill / 20 outgroup genes)
HillOR19,OR19,XM_038068172.1,XP_037924100.1,OR,MdomOR81;MdomOR8;MdomOR10;MdomOR9;CstyOR7a.2;DmelOR7a;CstyOR7a.1;CstyOR112;MdomOR22;DmelOR43b;CstyOR42b;DmelOR42a;DmelOR59c;DmelOR59b;CstyOR118;DmelOR42b;DmelOR85a;DmelOR98a;DmelOR22b;DmelOR22a,Musca domestica;Calliphora stygia;Drosophila melanogaster,79,20,87,ortholog_group,Odorant receptor 7a;Odorant receptor 43b;Odorant receptor 42a;Putative odorant receptor 59c;Odorant receptor 59b;Odorant receptor 42b;Odorant receptor 85a;Odorant receptor 98a;Odorant receptor 22b;Odorant receptor 22a,Many-to-many ortholog group (79 Hill / 20 outgroup genes)
HillOR20,OR20,XM_038060576.1,XP_037916504.1,OR,MdomOR81;MdomOR8;MdomOR10;MdomOR9;CstyOR7a.2;DmelOR7a;CstyOR7a.1;CstyOR112;MdomOR22;DmelOR43b;CstyOR42b;DmelOR42a;DmelOR59c;DmelOR59b;CstyOR118;DmelOR42b;DmelOR85a;DmelOR98a;DmelOR22b;DmelOR22a,Musca domestica;Calliphora stygia;Drosophila melanogaster,79,20,87,ortholog_group,Odorant receptor 7a;Odorant receptor 43b;Odorant receptor 42a;Putative odorant receptor 59c;Odorant receptor 59b;Odorant receptor 42b;Odorant receptor 85a;Odorant receptor 98a;Odorant receptor 22b;Odorant receptor 22a,Many-to-many ortholog group (79 Hill / 20 outgroup genes)
HillOR21,OR21,XM_038060575.1,XP_037916503.1,OR,MdomOR81;MdomOR8;MdomOR10;MdomOR9;CstyOR7a.2;DmelOR7a;CstyOR7a.1;CstyOR112;MdomOR22;DmelOR43b;CstyOR42b;DmelOR42a;DmelOR59c;DmelOR59b;CstyOR118;DmelOR42b;DmelOR85a;DmelOR98a;DmelOR22b;DmelOR22a,Musca domestica;Calliphora stygia;Drosophila melanogaster,79,20,87,ortholog_group,Odorant receptor 7a;Odorant receptor 43b;Odorant receptor 42a;Putative odorant receptor 59c;Odorant receptor 59b;Odorant receptor 42b;Odorant receptor 85a;Odorant receptor 98a;Odorant receptor 22b;Odorant receptor 22a,Many-to-many ortholog group (79 Hill / 20 outgroup genes)
HillOR23,OR23,XM_038061095.1,XP_037917023.1,OR,MdomOR81;MdomOR8;MdomOR10;MdomOR9;CstyOR7a.2;DmelOR7a;CstyOR7a.1;CstyOR112;MdomOR22;DmelOR43b;CstyOR42b;DmelOR42a;DmelOR59c;DmelOR59b;CstyOR118;DmelOR42b;DmelOR85a;DmelOR98a;DmelOR22b;DmelOR22a,Musca domestica;Calliphora stygia;Drosophila melanogaster,79,20,87,ortholog_group,Odorant receptor 7a;Odorant receptor 43b;Odorant receptor 42a;Putative odorant receptor 59c;Odorant receptor 59b;Odorant receptor 42b;Odorant receptor 85a;Odorant receptor 98a;Odorant receptor 22b;Odorant receptor 22a,Many-to-many ortholog group (79 Hill / 20 outgroup genes)
HillOR24,OR24,XM_038068010.1,XP_037923938.1,OR,MdomOR81;MdomOR8;MdomOR10;MdomOR9;CstyOR7a.2;DmelOR7a;CstyOR7a.1;CstyOR112;MdomOR22;DmelOR43b;CstyOR42b;DmelOR42a;DmelOR59c;DmelOR59b;CstyOR118;DmelOR42b;DmelOR85a;DmelOR98a;DmelOR22b;DmelOR22a,Musca domestica;Calliphora stygia;Drosophila melanogaster,79,20,87,ortholog_group,Odorant receptor 7a;Odorant receptor 43b;Odorant receptor 42a;Putative odorant receptor 59c;Odorant receptor 59b;Odorant receptor 42b;Odorant receptor 85a;Odorant receptor 98a;Odorant receptor 22b;Odorant receptor 22a,Many-to-many ortholog group (79 Hill / 20 outgroup genes)
HillOR25,OR25,XM_038062674.1,XP_037918602.1,OR,MdomOR81;MdomOR8;MdomOR10;MdomOR9;CstyOR7a.2;DmelOR7a;CstyOR7a.1;CstyOR112;MdomOR22;DmelOR43b;CstyOR42b;DmelOR42a;DmelOR59c;DmelOR59b;CstyOR118;DmelOR42b;DmelOR85a;DmelOR98a;DmelOR22b;DmelOR22a,Musca domestica;Calliphora stygia;Drosophila melanogaster,79,20,87,ortholog_group,Odorant receptor 7a;Odorant receptor 43b;Odorant receptor 42a;Putative odorant receptor 59c;Odorant receptor 59b;Odorant receptor 42b;Odorant receptor 85a;Odorant receptor 98a;Odorant receptor 22b;Odorant receptor 22a,Many-to-many ortholog group (79 Hill / 20 outgroup genes)
HillOR26,OR26,XM_038067742.1,XP_037923670.1,OR,MdomOR81;MdomOR8;MdomOR10;MdomOR9;CstyOR7a.2;DmelOR7a;CstyOR7a.1;CstyOR112;MdomOR22;DmelOR43b;CstyOR42b;DmelOR42a;DmelOR59c;DmelOR59b;CstyOR118;DmelOR42b;DmelOR85a;DmelOR98a;DmelOR22b;DmelOR22a,Musca domestica;Calliphora stygia;Drosophila melanogaster,79,20,87,ortholog_group,Odorant receptor 7a;Odorant receptor 43b;Odorant receptor 42a;Putative odorant receptor 59c;Odorant receptor 59b;Odorant receptor 42b;Odorant receptor 85a;Odorant receptor 98a;Odorant receptor 22b;Odorant receptor 22a,Many-to-many ortholog group (79 Hill / 20 outgroup genes)
HillOR27,OR27,XM_038067743.1,XP_037923671.1,OR,MdomOR81;MdomOR8;MdomOR10;MdomOR9;CstyOR7a.2;DmelOR7a;CstyOR7a.1;CstyOR112;MdomOR22;DmelOR43b;CstyOR42b;DmelOR42a;DmelOR59c;DmelOR59b;CstyOR118;DmelOR42b;DmelOR85a;DmelOR98a;DmelOR22b;DmelOR22a,Musca domestica;Calliphora stygia;Drosophila melanogaster,79,20,87,ortholog_group,Odorant receptor 7a;Odorant receptor 43b;Odorant receptor 42a;Putative odorant receptor 59c;Odorant receptor 59b;Odorant receptor 42b;Odorant receptor 85a;Odorant receptor 98a;Odorant receptor 22b;Odorant receptor 22a,Many-to-many ortholog group (79 Hill / 20 outgroup genes)
HillOR28,OR28,XM_038061172.1,XP_037917100.1,OR,MdomOR81;MdomOR8;MdomOR10;MdomOR9;CstyOR7a.2;DmelOR7a;CstyOR7a.1;CstyOR112;MdomOR22;DmelOR43b;CstyOR42b;DmelOR42a;DmelOR59c;DmelOR59b;CstyOR118;DmelOR42b;DmelOR85a;DmelOR98a;DmelOR22b;DmelOR22a,Musca domestica;Calliphora stygia;Drosophila melanogaster,79,20,87,ortholog_group,Odorant receptor 7a;Odorant receptor 43b;Odorant receptor 42a;Putative odorant receptor 59c;Odorant receptor 59b;Odorant receptor 42b;Odorant receptor 85a;Odorant receptor 98a;Odorant receptor 22b;Odorant receptor 22a,Many-to-many ortholog group (79 Hill / 20 outgroup genes)
HillOR29,OR29,XM_038069014.1,XP_037924942.1,OR,MdomOR81;MdomOR8;MdomOR10;MdomOR9;CstyOR7a.2;DmelOR7a;CstyOR7a.1;CstyOR112;MdomOR22;DmelOR43b;CstyOR42b;DmelOR42a;DmelOR59c;DmelOR59b;CstyOR118;DmelOR42b;DmelOR85a;DmelOR98a;DmelOR22b;DmelOR22a,Musca domestica;Calliphora stygia;Drosophila melanogaster,79,20,87,ortholog_group,Odorant receptor 7a;Odorant receptor 43b;Odorant receptor 42a;Putative odorant receptor 59c;Odorant receptor 59b;Odorant receptor 42b;Odorant receptor 85a;Odorant receptor 98a;Odorant receptor 22b;Odorant receptor 22a,Many-to-many ortholog group (79 Hill / 20 outgroup genes)
HillOR30,OR30,XM_038061199.1,XP_037917127.1,OR,MdomOR81;MdomOR8;MdomOR10;MdomOR9;CstyOR7a.2;DmelOR7a;CstyOR7a.1;CstyOR112;MdomOR22;DmelOR43b;CstyOR42b;DmelOR42a;DmelOR59c;DmelOR59b;CstyOR118;DmelOR42b;DmelOR85a;DmelOR98a;DmelOR22b;DmelOR22a,Musca domestica;Calliphora stygia;Drosophila melanogaster,79,20,87,ortholog_group,Odorant receptor 7a;Odorant receptor 43b;Odorant receptor 42a;Putative odorant receptor 59c;Odorant receptor 59b;Odorant receptor 42b;Odorant receptor 85a;Odorant receptor 98a;Odorant receptor 22b;Odorant receptor 22a,Many-to-many ortholog group (79 Hill / 20 outgroup genes)
HillOR31,OR31,XM_038061161.1,XP_037917089.1,OR,MdomOR81;MdomOR8;MdomOR10;MdomOR9;CstyOR7a.2;DmelOR7a;CstyOR7a.1;CstyOR112;MdomOR22;DmelOR43b;CstyOR42b;DmelOR42a;DmelOR59c;DmelOR59b;CstyOR118;DmelOR42b;DmelOR85a;DmelOR98a;DmelOR22b;DmelOR22a,Musca domestica;Calliphora stygia;Drosophila melanogaster,79,20,87,ortholog_group,Odorant receptor 7a;Odorant receptor 43b;Odorant receptor 42a;Putative odorant receptor 59c;Odorant receptor 59b;Odorant receptor 42b;Odorant receptor 85a;Odorant receptor 98a;Odorant receptor 22b;Odorant receptor 22a,Many-to-many ortholog group (79 Hill / 20 outgroup genes)
HillOR32,OR32,XM_038061357.1,XP_037917285.1,OR,MdomOR81;MdomOR8;MdomOR10;MdomOR9;CstyOR7a.2;DmelOR7a;CstyOR7a.1;CstyOR112;MdomOR22;DmelOR43b;CstyOR42b;DmelOR42a;DmelOR59c;DmelOR59b;CstyOR118;DmelOR42b;DmelOR85a;DmelOR98a;DmelOR22b;DmelOR22a,Musca domestica;Calliphora stygia;Drosophila melanogaster,79,20,87,ortholog_group,Odorant receptor 7a;Odorant receptor 43b;Odorant receptor 42a;Putative odorant receptor 59c;Odorant receptor 59b;Odorant receptor 42b;Odorant receptor 85a;Odorant receptor 98a;Odorant receptor 22b;Odorant receptor 22a,Many-to-many ortholog group (79 Hill / 20 outgroup genes)
HillOR33,OR33,XM_038061056.1,XP_037916984.1,OR,MdomOR81;MdomOR8;MdomOR10;MdomOR9;CstyOR7a.2;DmelOR7a;CstyOR7a.1;CstyOR112;MdomOR22;DmelOR43b;CstyOR42b;DmelOR42a;DmelOR59c;DmelOR59b;CstyOR118;DmelOR42b;DmelOR85a;DmelOR98a;DmelOR22b;DmelOR22a,Musca domestica;Calliphora stygia;Drosophila melanogaster,79,20,87,ortholog_group,Odorant receptor 7a;Odorant receptor 43b;Odorant receptor 42a;Putative odorant receptor 59c;Odorant receptor 59b;Odorant receptor 42b;Odorant receptor 85a;Odorant receptor 98a;Odorant receptor 22b;Odorant receptor 22a,Many-to-many ortholog group (79 Hill / 20 outgroup genes)
HillOR34,OR34,XM_038060870.1,XP_037916798.1,OR,MdomOR81;MdomOR8;MdomOR10;MdomOR9;CstyOR7a.2;DmelOR7a;CstyOR7a.1;CstyOR112;MdomOR22;DmelOR43b;CstyOR42b;DmelOR42a;DmelOR59c;DmelOR59b;CstyOR118;DmelOR42b;DmelOR85a;DmelOR98a;DmelOR22b;DmelOR22a,Musca domestica;Calliphora stygia;Drosophila melanogaster,79,20,87,ortholog_group,Odorant receptor 7a;Odorant receptor 43b;Odorant receptor 42a;Putative odorant receptor 59c;Odorant receptor 59b;Odorant receptor 42b;Odorant receptor 85a;Odorant receptor 98a;Odorant receptor 22b;Odorant receptor 22a,Many-to-many ortholog group (79 Hill / 20 outgroup genes)
HillOR35,OR35,XM_038068173.1,XP_037924101.1,OR,MdomOR81;MdomOR8;MdomOR10;MdomOR9;CstyOR7a.2;DmelOR7a;CstyOR7a.1;CstyOR112;MdomOR22;DmelOR43b;CstyOR42b;DmelOR42a;DmelOR59c;DmelOR59b;CstyOR118;DmelOR42b;DmelOR85a;DmelOR98a;DmelOR22b;DmelOR22a,Musca domestica;Calliphora stygia;Drosophila melanogaster,79,20,87,ortholog_group,Odorant receptor 7a;Odorant receptor 43b;Odorant receptor 42a;Putative odorant receptor 59c;Odorant receptor 59b;Odorant receptor 42b;Odorant receptor 85a;Odorant receptor 98a;Odorant receptor 22b;Odorant receptor 22a,Many-to-many ortholog group (79 Hill / 20 outgroup genes)
HillOR36,OR36,XM_038062093.1,XP_037918021.1,OR,MdomOR81;MdomOR8;MdomOR10;MdomOR9;CstyOR7a.2;DmelOR7a;CstyOR7a.1;CstyOR112;MdomOR22;DmelOR43b;CstyOR42b;DmelOR42a;DmelOR59c;DmelOR59b;CstyOR118;DmelOR42b;DmelOR85a;DmelOR98a;DmelOR22b;DmelOR22a,Musca domestica;Calliphora stygia;Drosophila melanogaster,79,20,87,ortholog_group,Odorant receptor 7a;Odorant receptor 43b;Odorant receptor 42a;Putative odorant receptor 59c;Odorant receptor 59b;Odorant receptor 42b;Odorant receptor 85a;Odorant receptor 98a;Odorant receptor 22b;Odorant receptor 22a,Many-to-many ortholog group (79 Hill / 20 outgroup genes)
HillOR37,OR37,XM_038067740.1,XP_037923668.1,OR,MdomOR81;MdomOR8;MdomOR10;MdomOR9;CstyOR7a.2;DmelOR7a;CstyOR7a.1;CstyOR112;MdomOR22;DmelOR43b;CstyOR42b;DmelOR42a;DmelOR59c;DmelOR59b;CstyOR118;DmelOR42b;DmelOR85a;DmelOR98a;DmelOR22b;DmelOR22a,Musca domestica;Calliphora stygia;Drosophila melanogaster,79,20,87,ortholog_group,Odorant receptor 7a;Odorant receptor 43b;Odorant receptor 42a;Putative odorant receptor 59c;Odorant receptor 59b;Odorant receptor 42b;Odorant receptor 85a;Odorant receptor 98a;Odorant receptor 22b;Odorant receptor 22a,Many-to-many ortholog group (79 Hill / 20 outgroup genes)
HillOR38,OR38,XM_038068018.1,XP_037923946.1,OR,MdomOR81;MdomOR8;MdomOR10;MdomOR9;CstyOR7a.2;DmelOR7a;CstyOR7a.1;CstyOR112;MdomOR22;DmelOR43b;CstyOR42b;DmelOR42a;DmelOR59c;DmelOR59b;CstyOR118;DmelOR42b;DmelOR85a;DmelOR98a;DmelOR22b;DmelOR22a,Musca domestica;Calliphora stygia;Drosophila melanogaster,79,20,87,ortholog_group,Odorant receptor 7a;Odorant receptor 43b;Odorant receptor 42a;Putative odorant receptor 59c;Odorant receptor 59b;Odorant receptor 42b;Odorant receptor 85a;Odorant receptor 98a;Odorant receptor 22b;Odorant receptor 22a,Many-to-many ortholog group (79 Hill / 20 outgroup genes)
HillOR39,OR39,XM_038059274.1,XP_037915202.1,OR,MdomOR81;MdomOR8;MdomOR10;MdomOR9;CstyOR7a.2;DmelOR7a;CstyOR7a.1;CstyOR112;MdomOR22;DmelOR43b;CstyOR42b;DmelOR42a;DmelOR59c;DmelOR59b;CstyOR118;DmelOR42b;DmelOR85a;DmelOR98a;DmelOR22b;DmelOR22a,Musca domestica;Calliphora stygia;Drosophila melanogaster,79,20,87,ortholog_group,Odorant receptor 7a;Odorant receptor 43b;Odorant receptor 42a;Putative odorant receptor 59c;Odorant receptor 59b;Odorant receptor 42b;Odorant receptor 85a;Odorant receptor 98a;Odorant receptor 22b;Odorant receptor 22a,Many-to-many ortholog group (79 Hill / 20 outgroup genes)
HillOR40,OR40,XM_038061174.1,XP_037917102.1,OR,MdomOR81;MdomOR8;MdomOR10;MdomOR9;CstyOR7a.2;DmelOR7a;CstyOR7a.1;CstyOR112;MdomOR22;DmelOR43b;CstyOR42b;DmelOR42a;DmelOR59c;DmelOR59b;CstyOR118;DmelOR42b;DmelOR85a;DmelOR98a;DmelOR22b;DmelOR22a,Musca domestica;Calliphora stygia;Drosophila melanogaster,79,20,87,ortholog_group,Odorant receptor 7a;Odorant receptor 43b;Odorant receptor 42a;Putative odorant receptor 59c;Odorant receptor 59b;Odorant receptor 42b;Odorant receptor 85a;Odorant receptor 98a;Odorant receptor 22b;Odorant receptor 22a,Many-to-many ortholog group (79 Hill / 20 outgroup genes)
HillOR41,OR41,XM_038060616.1,XP_037916544.1,OR,MdomOR81;MdomOR8;MdomOR10;MdomOR9;CstyOR7a.2;DmelOR7a;CstyOR7a.1;CstyOR112;MdomOR22;DmelOR43b;CstyOR42b;DmelOR42a;DmelOR59c;DmelOR59b;CstyOR118;DmelOR42b;DmelOR85a;DmelOR98a;DmelOR22b;DmelOR22a,Musca domestica;Calliphora stygia;Drosophila melanogaster,79,20,87,ortholog_group,Odorant receptor 7a;Odorant receptor 43b;Odorant receptor 42a;Putative odorant receptor 59c;Odorant receptor 59b;Odorant receptor 42b;Odorant receptor 85a;Odorant receptor 98a;Odorant receptor 22b;Odorant receptor 22a,Many-to-many ortholog group (79 Hill / 20 outgroup genes)
HillOR42,OR42,XM_038059276.1,XP_037915204.1,OR,MdomOR81;MdomOR8;MdomOR10;MdomOR9;CstyOR7a.2;DmelOR7a;CstyOR7a.1;CstyOR112;MdomOR22;DmelOR43b;CstyOR42b;DmelOR42a;DmelOR59c;DmelOR59b;CstyOR118;DmelOR42b;DmelOR85a;DmelOR98a;DmelOR22b;DmelOR22a,Musca domestica;Calliphora stygia;Drosophila melanogaster,79,20,87,ortholog_group,Odorant receptor 7a;Odorant receptor 43b;Odorant receptor 42a;Putative odorant receptor 59c;Odorant receptor 59b;Odorant receptor 42b;Odorant receptor 85a;Odorant receptor 98a;Odorant receptor 22b;Odorant receptor 22a,Many-to-many ortholog group (79 Hill / 20 outgroup genes)
HillOR43,OR43,XM_038068174.1,XP_037924102.1,OR,MdomOR81;MdomOR8;MdomOR10;MdomOR9;CstyOR7a.2;DmelOR7a;CstyOR7a.1;CstyOR112;MdomOR22;DmelOR43b;CstyOR42b;DmelOR42a;DmelOR59c;DmelOR59b;CstyOR118;DmelOR42b;DmelOR85a;DmelOR98a;DmelOR22b;DmelOR22a,Musca domestica;Calliphora stygia;Drosophila melanogaster,79,20,87,ortholog_group,Odorant receptor 7a;Odorant receptor 43b;Odorant receptor 42a;Putative odorant receptor 59c;Odorant receptor 59b;Odorant receptor 42b;Odorant receptor 85a;Odorant receptor 98a;Odorant receptor 22b;Odorant receptor 22a,Many-to-many ortholog group (79 Hill / 20 outgroup genes)
HillOR44,OR44,XM_038069016.1,XP_037924944.1,OR,MdomOR81;MdomOR8;MdomOR10;MdomOR9;CstyOR7a.2;DmelOR7a;CstyOR7a.1;CstyOR112;MdomOR22;DmelOR43b;CstyOR42b;DmelOR42a;DmelOR59c;DmelOR59b;CstyOR118;DmelOR42b;DmelOR85a;DmelOR98a;DmelOR22b;DmelOR22a,Musca domestica;Calliphora stygia;Drosophila melanogaster,79,20,87,ortholog_group,Odorant receptor 7a;Odorant receptor 43b;Odorant receptor 42a;Putative odorant receptor 59c;Odorant receptor 59b;Odorant receptor 42b;Odorant receptor 85a;Odorant receptor 98a;Odorant receptor 22b;Odorant receptor 22a,Many-to-many ortholog group (79 Hill / 20 outgroup genes)
HillOR45,OR45,XM_038069015.1,XP_037924943.1,OR,MdomOR81;MdomOR8;MdomOR10;MdomOR9;CstyOR7a.2;DmelOR7a;CstyOR7a.1;CstyOR112;MdomOR22;DmelOR43b;CstyOR42b;DmelOR42a;DmelOR59c;DmelOR59b;CstyOR118;DmelOR42b;DmelOR85a;DmelOR98a;DmelOR22b;DmelOR22a,Musca domestica;Calliphora stygia;Drosophila melanogaster,79,20,87,ortholog_group,Odorant receptor 7a;Odorant receptor 43b;Odorant receptor 42a;Putative odorant receptor 59c;Odorant receptor 59b;Odorant receptor 42b;Odorant receptor 85a;Odorant receptor 98a;Odorant receptor 22b;Odorant receptor 22a,Many-to-many ortholog group (79 Hill / 20 outgroup genes)
HillOR48,OR48,XM_038059277.1,XP_037915205.1,OR,MdomOR81;MdomOR8;MdomOR10;MdomOR9;CstyOR7a.2;DmelOR7a;CstyOR7a.1;CstyOR112;MdomOR22;DmelOR43b;CstyOR42b;DmelOR42a;DmelOR59c;DmelOR59b;CstyOR118;DmelOR42b;DmelOR85a;DmelOR98a;DmelOR22b;DmelOR22a,Musca domestica;Calliphora stygia;Drosophila melanogaster,79,20,87,ortholog_group,Odorant receptor 7a;Odorant receptor 43b;Odorant receptor 42a;Putative odorant receptor 59c;Odorant receptor 59b;Odorant receptor 42b;Odorant receptor 85a;Odorant receptor 98a;Odorant receptor 22b;Odorant receptor 22a,Many-to-many ortholog group (79 Hill / 20 outgroup genes)
HillOR49,OR49,XM_038068175.1,XP_037924103.1,OR,MdomOR81;MdomOR8;MdomOR10;MdomOR9;CstyOR7a.2;DmelOR7a;CstyOR7a.1;CstyOR112;MdomOR22;DmelOR43b;CstyOR42b;DmelOR42a;DmelOR59c;DmelOR59b;CstyOR118;DmelOR42b;DmelOR85a;DmelOR98a;DmelOR22b;DmelOR22a,Musca domestica;Calliphora stygia;Drosophila melanogaster,79,20,87,ortholog_group,Odorant receptor 7a;Odorant receptor 43b;Odorant receptor 42a;Putative odorant receptor 59c;Odorant receptor 59b;Odorant receptor 42b;Odorant receptor 85a;Odorant receptor 98a;Odorant receptor 22b;Odorant receptor 22a,Many-to-many ortholog group (79 Hill / 20 outgroup genes)
HillOR50,OR50,XM_038055761.1,XP_037911689.1,OR,MdomOR4;CstyOR2a;DmelOR2a;DmelOR19b;DmelOR19a;MdomOR6;MdomOR5,Musca domestica;Calliphora stygia;Drosophila melanogaster,35,7,60,ortholog_group,Odorant receptor 2a;Putative odorant receptor 19b;Odorant receptor 19a,Many-to-many ortholog group (35 Hill / 7 outgroup genes)
HillOR51,OR51,XM_038057079.1,XP_037913007.1,OR,MdomOR4;CstyOR2a;DmelOR2a;DmelOR19b;DmelOR19a;MdomOR6;MdomOR5,Musca domestica;Calliphora stygia;Drosophila melanogaster,35,7,60,ortholog_group,Odorant receptor 2a;Putative odorant receptor 19b;Odorant receptor 19a,Many-to-many ortholog group (35 Hill / 7 outgroup genes)
HillOR52,OR52,XM_038056095.1,XP_037912023.1,OR,MdomOR4;CstyOR2a;DmelOR2a;DmelOR19b;DmelOR19a;MdomOR6;MdomOR5,Musca domestica;Calliphora stygia;Drosophila melanogaster,35,7,60,ortholog_group,Odorant receptor 2a;Putative odorant receptor 19b;Odorant receptor 19a,Many-to-many ortholog group (35 Hill / 7 outgroup genes)
HillOR53,OR53,XM_038062544.1,XP_037918472.1,OR,MdomOR81;MdomOR8;MdomOR10;MdomOR9;CstyOR7a.2;DmelOR7a;CstyOR7a.1;CstyOR112;MdomOR22;DmelOR43b;CstyOR42b;DmelOR42a;DmelOR59c;DmelOR59b;CstyOR118;DmelOR42b;DmelOR85a;DmelOR98a;DmelOR22b;DmelOR22a,Musca domestica;Calliphora stygia;Drosophila melanogaster,79,20,87,ortholog_group,Odorant receptor 7a;Odorant receptor 43b;Odorant receptor 42a;Putative odorant receptor 59c;Odorant receptor 59b;Odorant receptor 42b;Odorant receptor 85a;Odorant receptor 98a;Odorant receptor 22b;Odorant receptor 22a,Many-to-many ortholog group (79 Hill / 20 outgroup genes)
HillOR54,OR54,XM_038060947.1,XP_037916875.1,OR,MdomOR81;MdomOR8;MdomOR10;MdomOR9;CstyOR7a.2;DmelOR7a;CstyOR7a.1;CstyOR112;MdomOR22;DmelOR43b;CstyOR42b;DmelOR42a;DmelOR59c;DmelOR59b;CstyOR118;DmelOR42b;DmelOR85a;DmelOR98a;DmelOR22b;DmelOR22a,Musca domestica;Calliphora stygia;Drosophila melanogaster,79,20,87,ortholog_group,Odorant receptor 7a;Odorant receptor 43b;Odorant receptor 42a;Putative odorant receptor 59c;Odorant receptor 59b;Odorant receptor 42b;Odorant receptor 85a;Odorant receptor 98a;Odorant receptor 22b;Odorant receptor 22a,Many-to-many ortholog group (79 Hill / 20 outgroup genes)
HillOR55,OR55,XM_038056098.1,XP_037912026.1,OR,MdomOR4;CstyOR2a;DmelOR2a;DmelOR19b;DmelOR19a;MdomOR6;MdomOR5,Musca domestica;Calliphora stygia;Drosophila melanogaster,35,7,60,ortholog_group,Odorant receptor 2a;Putative odorant receptor 19b;Odorant receptor 19a,Many-to-many ortholog group (35 Hill / 7 outgroup genes)
HillOR56,OR56,XM_038055678.1,XP_037911606.1,OR,MdomOR4;CstyOR2a;DmelOR2a;DmelOR19b;DmelOR19a;MdomOR6;MdomOR5,Musca domestica;Calliphora stygia;Drosophila melanogaster,35,7,60,ortholog_group,Odorant receptor 2a;Putative odorant receptor 19b;Odorant receptor 19a,Many-to-many ortholog group (35 Hill / 7 outgroup genes)
HillOR57,OR57,XM_038055824.1,XP_037911752.1,OR,MdomOR4;CstyOR2a;DmelOR2a;DmelOR19b;DmelOR19a;MdomOR6;MdomOR5,Musca domestica;Calliphora stygia;Drosophila melanogaster,35,7,60,ortholog_group,Odorant receptor 2a;Putative odorant receptor 19b;Odorant receptor 19a,Many-to-many ortholog group (35 Hill / 7 outgroup genes)
HillOR58,OR58,XM_038060948.1,XP_037916876.1,OR,MdomOR81;MdomOR8;MdomOR10;MdomOR9;CstyOR7a.2;DmelOR7a;CstyOR7a.1;CstyOR112;MdomOR22;DmelOR43b;CstyOR42b;DmelOR42a;DmelOR59c;DmelOR59b;CstyOR118;DmelOR42b;DmelOR85a;DmelOR98a;DmelOR22b;DmelOR22a,Musca domestica;Calliphora stygia;Drosophila melanogaster,79,20,87,ortholog_group,Odorant receptor 7a;Odorant receptor 43b;Odorant receptor 42a;Putative odorant receptor 59c;Odorant receptor 59b;Odorant receptor 42b;Odorant receptor 85a;Odorant receptor 98a;Odorant receptor 22b;Odorant receptor 22a,Many-to-many ortholog group (79 Hill / 20 outgroup genes)
HillOR59,OR59,XM_038068407.1,XP_037924335.1,OR,MdomOR81;MdomOR8;MdomOR10;MdomOR9;CstyOR7a.2;DmelOR7a;CstyOR7a.1;CstyOR112;MdomOR22;DmelOR43b;CstyOR42b;DmelOR42a;DmelOR59c;DmelOR59b;CstyOR118;DmelOR42b;DmelOR85a;DmelOR98a;DmelOR22b;DmelOR22a,Musca domestica;Calliphora stygia;Drosophila melanogaster,79,20,87,ortholog_group,Odorant receptor 7a;Odorant receptor 43b;Odorant receptor 42a;Putative odorant receptor 59c;Odorant receptor 59b;Odorant receptor 42b;Odorant receptor 85a;Odorant receptor 98a;Odorant receptor 22b;Odorant receptor 22a,Many-to-many ortholog group (79 Hill / 20 outgroup genes)
HillOR60,OR60,XM_038056108.1,XP_037912036.1,OR,MdomOR4;CstyOR2a;DmelOR2a;DmelOR19b;DmelOR19a;MdomOR6;MdomOR5,Musca domestica;Calliphora stygia;Drosophila melanogaster,35,7,60,ortholog_group,Odorant receptor 2a;Putative odorant receptor 19b;Odorant receptor 19a,Many-to-many ortholog group (35 Hill / 7 outgroup genes)
HillOR61,OR61,XM_038055419.1,XP_037911347.1,OR,MdomOR4;CstyOR2a;DmelOR2a;DmelOR19b;DmelOR19a;MdomOR6;MdomOR5,Musca domestica;Calliphora stygia;Drosophila melanogaster,35,7,60,ortholog_group,Odorant receptor 2a;Putative odorant receptor 19b;Odorant receptor 19a,Many-to-many ortholog group (35 Hill / 7 outgroup genes)
HillOR62,OR62,XM_038055546.1,XP_037911474.1,OR,MdomOR4;CstyOR2a;DmelOR2a;DmelOR19b;DmelOR19a;MdomOR6;MdomOR5,Musca domestica;Calliphora stygia;Drosophila melanogaster,35,7,60,ortholog_group,Odorant receptor 2a;Putative odorant receptor 19b;Odorant receptor 19a,Many-to-many ortholog group (35 Hill / 7 outgroup genes)
HillOR63,OR63,XM_038056314.1,XP_037912242.1,OR,MdomOR4;CstyOR2a;DmelOR2a;DmelOR19b;DmelOR19a;MdomOR6;MdomOR5,Musca domestica;Calliphora stygia;Drosophila melanogaster,35,7,60,ortholog_group,Odorant receptor 2a;Putative odorant receptor 19b;Odorant receptor 19a,Many-to-many ortholog group (35 Hill / 7 outgroup genes)
HillOR64,OR64,XM_038055100.1,XP_037911028.1,OR,MdomOR4;CstyOR2a;DmelOR2a;DmelOR19b;DmelOR19a;MdomOR6;MdomOR5,Musca domestica;Calliphora stygia;Drosophila melanogaster,35,7,60,ortholog_group,Odorant receptor 2a;Putative odorant receptor 19b;Odorant receptor 19a,Many-to-many ortholog group (35 Hill / 7 outgroup genes)
HillOR65,OR65,XM_038055547.1,XP_037911475.1,OR,MdomOR4;CstyOR2a;DmelOR2a;DmelOR19b;DmelOR19a;MdomOR6;MdomOR5,Musca domestica;Calliphora stygia;Drosophila melanogaster,35,7,60,ortholog_group,Odorant receptor 2a;Putative odorant receptor 19b;Odorant receptor 19a,Many-to-many ortholog group (35 Hill / 7 outgroup genes)
HillOR66,OR66,XM_038061345.1,XP_037917273.1,OR,MdomOR81;MdomOR8;MdomOR10;MdomOR9;CstyOR7a.2;DmelOR7a;CstyOR7a.1;CstyOR112;MdomOR22;DmelOR43b;CstyOR42b;DmelOR42a;DmelOR59c;DmelOR59b;CstyOR118;DmelOR42b;DmelOR85a;DmelOR98a;DmelOR22b;DmelOR22a,Musca domestica;Calliphora stygia;Drosophila melanogaster,79,20,87,ortholog_group,Odorant receptor 7a;Odorant receptor 43b;Odorant receptor 42a;Putative odorant receptor 59c;Odorant receptor 59b;Odorant receptor 42b;Odorant receptor 85a;Odorant receptor 98a;Odorant receptor 22b;Odorant receptor 22a,Many-to-many ortholog group (79 Hill / 20 outgroup genes)
HillOR67,OR67,XM_038055770.1,XP_037911698.1,OR,MdomOR4;CstyOR2a;DmelOR2a;DmelOR19b;DmelOR19a;MdomOR6;MdomOR5,Musca domestica;Calliphora stygia;Drosophila melanogaster,35,7,60,ortholog_group,Odorant receptor 2a;Putative odorant receptor 19b;Odorant receptor 19a,Many-to-many ortholog group (35 Hill / 7 outgroup genes)
HillOR68,OR68,XM_038063065.1,XP_037918993.1,OR,MdomOR81;MdomOR8;MdomOR10;MdomOR9;CstyOR7a.2;DmelOR7a;CstyOR7a.1;CstyOR112;MdomOR22;DmelOR43b;CstyOR42b;DmelOR42a;DmelOR59c;DmelOR59b;CstyOR118;DmelOR42b;DmelOR85a;DmelOR98a;DmelOR22b;DmelOR22a,Musca domestica;Calliphora stygia;Drosophila melanogaster,79,20,87,ortholog_group,Odorant receptor 7a;Odorant receptor 43b;Odorant receptor 42a;Putative odorant receptor 59c;Odorant receptor 59b;Odorant receptor 42b;Odorant receptor 85a;Odorant receptor 98a;Odorant receptor 22b;Odorant receptor 22a,Many-to-many ortholog group (79 Hill / 20 outgroup genes)
HillOR69,OR69,XM_038055510.1,XP_037911438.1,OR,MdomOR4;CstyOR2a;DmelOR2a;DmelOR19b;DmelOR19a;MdomOR6;MdomOR5,Musca domestica;Calliphora stygia;Drosophila melanogaster,35,7,60,ortholog_group,Odorant receptor 2a;Putative odorant receptor 19b;Odorant receptor 19a,Many-to-many ortholog group (35 Hill / 7 outgroup genes)
HillOR70,OR70,XM_038056093.1,XP_037912021.1,OR,MdomOR4;CstyOR2a;DmelOR2a;DmelOR19b;DmelOR19a;MdomOR6;MdomOR5,Musca domestica;Calliphora stygia;Drosophila melanogaster,35,7,60,ortholog_group,Odorant receptor 2a;Putative odorant receptor 19b;Odorant receptor 19a,Many-to-many ortholog group (35 Hill / 7 outgroup genes)
HillOR71,OR71,XM_038063054.1,XP_037918982.1,OR,MdomOR81;MdomOR8;MdomOR10;MdomOR9;CstyOR7a.2;DmelOR7a;CstyOR7a.1;CstyOR112;MdomOR22;DmelOR43b;CstyOR42b;DmelOR42a;DmelOR59c;DmelOR59b;CstyOR118;DmelOR42b;DmelOR85a;DmelOR98a;DmelOR22b;DmelOR22a,Musca domestica;Calliphora stygia;Drosophila melanogaster,79,20,87,ortholog_group,Odorant receptor 7a;Odorant receptor 43b;Odorant receptor 42a;Putative odorant receptor 59c;Odorant receptor 59b;Odorant receptor 42b;Odorant receptor 85a;Odorant receptor 98a;Odorant receptor 22b;Odorant receptor 22a,Many-to-many ortholog group (79 Hill / 20 outgroup genes)
HillOR72,OR72,XM_038061332.1,XP_037917260.1,OR,MdomOR81;MdomOR8;MdomOR10;MdomOR9;CstyOR7a.2;DmelOR7a;CstyOR7a.1;CstyOR112;MdomOR22;DmelOR43b;CstyOR42b;DmelOR42a;DmelOR59c;DmelOR59b;CstyOR118;DmelOR42b;DmelOR85a;DmelOR98a;DmelOR22b;DmelOR22a,Musca domestica;Calliphora stygia;Drosophila melanogaster,79,20,87,ortholog_group,Odorant receptor 7a;Odorant receptor 43b;Odorant receptor 42a;Putative odorant receptor 59c;Odorant receptor 59b;Odorant receptor 42b;Odorant receptor 85a;Odorant receptor 98a;Odorant receptor 22b;Odorant receptor 22a,Many-to-many ortholog group (79 Hill / 20 outgroup genes)
HillOR73,OR73,XM_038056100.1,XP_037912028.1,OR,MdomOR4;CstyOR2a;DmelOR2a;DmelOR19b;DmelOR19a;MdomOR6;MdomOR5,Musca domestica;Calliphora stygia;Drosophila melanogaster,35,7,60,ortholog_group,Odorant receptor 2a;Putative odorant receptor 19b;Odorant receptor 19a,Many-to-many ortholog group (35 Hill / 7 outgroup genes)
HillOR74,OR74,XM_038059275.1,XP_037915203.1,OR,MdomOR81;MdomOR8;MdomOR10;MdomOR9;CstyOR7a.2;DmelOR7a;CstyOR7a.1;CstyOR112;MdomOR22;DmelOR43b;CstyOR42b;DmelOR42a;DmelOR59c;DmelOR59b;CstyOR118;DmelOR42b;DmelOR85a;DmelOR98a;DmelOR22b;DmelOR22a,Musca domestica;Calliphora stygia;Drosophila melanogaster,79,20,87,ortholog_group,Odorant receptor 7a;Odorant receptor 43b;Odorant receptor 42a;Putative odorant receptor 59c;Odorant receptor 59b;Odorant receptor 42b;Odorant receptor 85a;Odorant receptor 98a;Odorant receptor 22b;Odorant receptor 22a,Many-to-many ortholog group (79 Hill / 20 outgroup genes)
HillOR75,OR75,XM_038056092.1,XP_037912020.1,OR,MdomOR4;CstyOR2a;DmelOR2a;DmelOR19b;DmelOR19a;MdomOR6;MdomOR5,Musca domestica;Calliphora stygia;Drosophila melanogaster,35,7,60,ortholog_group,Odorant receptor 2a;Putative odorant receptor 19b;Odorant receptor 19a,Many-to-many ortholog group (35 Hill / 7 outgroup genes)
HillOR76,OR76,XM_038056243.1,XP_037912171.1,OR,MdomOR4;CstyOR2a;DmelOR2a;DmelOR19b;DmelOR19a;MdomOR6;MdomOR5,Musca domestica;Calliphora stygia;Drosophila melanogaster,35,7,60,ortholog_group,Odorant receptor 2a;Putative odorant receptor 19b;Odorant receptor 19a,Many-to-many ortholog group (35 Hill / 7 outgroup genes)
HillOR77,OR77,XM_038055772.1,XP_037911700.1,OR,MdomOR4;CstyOR2a;DmelOR2a;DmelOR19b;DmelOR19a;MdomOR6;MdomOR5,Musca domestica;Calliphora stygia;Drosophila melanogaster,35,7,60,ortholog_group,Odorant receptor 2a;Putative odorant receptor 19b;Odorant receptor 19a,Many-to-many ortholog group (35 Hill / 7 outgroup genes)
HillOR78,OR78,XM_038056105.1,XP_037912033.1,OR,MdomOR4;CstyOR2a;DmelOR2a;DmelOR19b;DmelOR19a;MdomOR6;MdomOR5,Musca domestica;Calliphora stygia;Drosophila melanogaster,35,7,60,ortholog_group,Odorant receptor 2a;Putative odorant receptor 19b;Odorant receptor 19a,Many-to-many ortholog group (35 Hill / 7 outgroup genes)
HillOR79,OR79,XM_038056094.1,XP_037912022.1,OR,MdomOR4;CstyOR2a;DmelOR2a;DmelOR19b;DmelOR19a;MdomOR6;MdomOR5,Musca domestica;Calliphora stygia;Drosophila melanogaster,35,7,60,ortholog_group,Odorant receptor 2a;Putative odorant receptor 19b;Odorant receptor 19a,Many-to-many ortholog group (35 Hill / 7 outgroup genes)
HillOR80,OR80,XM_038055679.1,XP_037911607.1,OR,MdomOR4;CstyOR2a;DmelOR2a;DmelOR19b;DmelOR19a;MdomOR6;MdomOR5,Musca domestica;Calliphora stygia;Drosophila melanogaster,35,7,60,ortholog_group,Odorant receptor 2a;Putative odorant receptor 19b;Odorant receptor 19a,Many-to-many ortholog group (35 Hill / 7 outgroup genes)
HillOR81,OR81,XM_038063145.1,XP_037919073.1,OR,MdomOR81;MdomOR8;MdomOR10;MdomOR9;CstyOR7a.2;DmelOR7a;CstyOR7a.1;CstyOR112;MdomOR22;DmelOR43b;CstyOR42b;DmelOR42a;DmelOR59c;DmelOR59b;CstyOR118;DmelOR42b;DmelOR85a;DmelOR98a;DmelOR22b;DmelOR22a,Musca domestica;Calliphora stygia;Drosophila melanogaster,79,20,87,ortholog_group,Odorant receptor 7a;Odorant receptor 43b;Odorant receptor 42a;Putative odorant receptor 59c;Odorant receptor 59b;Odorant receptor 42b;Odorant receptor 85a;Odorant receptor 98a;Odorant receptor 22b;Odorant receptor 22a,Many-to-many ortholog group (79 Hill / 20 outgroup genes)
HillOR82,OR82,XM_038046686.1,XP_037902614.1,OR,CstyOR120;MdomOR47;MdomOR46;MdomOR45;MdomOR48;MdomOR44;DmelOR33c;MdomOR21;DmelOR33a;CstyOR111;DmelOR33b;DmelOR23a;MdomOR43;CstyOR108;CstyOR59a.1-2;DmelOR59a,Calliphora stygia;Musca domestica;Drosophila melanogaster,1,16,57,co-ortholog,Odorant receptor 33c;Odorant receptor 33a;Odorant receptor 33b;Odorant receptor 23a;Odorant receptor 59a,
HillOR83,OR83,XM_038056102.1,XP_037912030.1,OR,MdomOR4;CstyOR2a;DmelOR2a;DmelOR19b;DmelOR19a;MdomOR6;MdomOR5,Musca domestica;Calliphora stygia;Drosophila melanogaster,35,7,60,ortholog_group,Odorant receptor 2a;Putative odorant receptor 19b;Odorant receptor 19a,Many-to-many ortholog group (35 Hill / 7 outgroup genes)
HillOR84,OR84,XM_038062091.1,XP_037918019.1,OR,MdomOR81;MdomOR8;MdomOR10;MdomOR9;CstyOR7a.2;DmelOR7a;CstyOR7a.1;CstyOR112;MdomOR22;DmelOR43b;CstyOR42b;DmelOR42a;DmelOR59c;DmelOR59b;CstyOR118;DmelOR42b;DmelOR85a;DmelOR98a;DmelOR22b;DmelOR22a,Musca domestica;Calliphora stygia;Drosophila melanogaster,79,20,87,ortholog_group,Odorant receptor 7a;Odorant receptor 43b;Odorant receptor 42a;Putative odorant receptor 59c;Odorant receptor 59b;Odorant receptor 42b;Odorant receptor 85a;Odorant receptor 98a;Odorant receptor 22b;Odorant receptor 22a,Many-to-many ortholog group (79 Hill / 20 outgroup genes)
HillOR85,OR85,XM_038063123.1,XP_037919051.1,OR,MdomOR81;MdomOR8;MdomOR10;MdomOR9;CstyOR7a.2;DmelOR7a;CstyOR7a.1;CstyOR112;MdomOR22;DmelOR43b;CstyOR42b;DmelOR42a;DmelOR59c;DmelOR59b;CstyOR118;DmelOR42b;DmelOR85a;DmelOR98a;DmelOR22b;DmelOR22a,Musca domestica;Calliphora stygia;Drosophila melanogaster,79,20,87,ortholog_group,Odorant receptor 7a;Odorant receptor 43b;Odorant receptor 42a;Putative odorant receptor 59c;Odorant receptor 59b;Odorant receptor 42b;Odorant receptor 85a;Odorant receptor 98a;Odorant receptor 22b;Odorant receptor 22a,Many-to-many ortholog group (79 Hill / 20 outgroup genes)
HillOR86,OR86,XM_038064616.1,XP_037920544.1,OR,MdomOR4;CstyOR2a;DmelOR2a;DmelOR19b;DmelOR19a;MdomOR6;MdomOR5,Musca domestica;Calliphora stygia;Drosophila melanogaster,35,7,60,ortholog_group,Odorant receptor 2a;Putative odorant receptor 19b;Odorant receptor 19a,Many-to-many ortholog group (35 Hill / 7 outgroup genes)
HillOR87,OR87,XM_038056097.1,XP_037912025.1,OR,MdomOR4;CstyOR2a;DmelOR2a;DmelOR19b;DmelOR19a;MdomOR6;MdomOR5,Musca domestica;Calliphora stygia;Drosophila melanogaster,35,7,60,ortholog_group,Odorant receptor 2a;Putative odorant receptor 19b;Odorant receptor 19a,Many-to-many ortholog group (35 Hill / 7 outgroup genes)
HillOR88,OR88,XM_038056268.1,XP_037912196.1,OR,MdomOR4;CstyOR2a;DmelOR2a;DmelOR19b;DmelOR19a;MdomOR6;MdomOR5,Musca domestica;Calliphora stygia;Drosophila melanogaster,35,7,60,ortholog_group,Odorant receptor 2a;Putative odorant receptor 19b;Odorant receptor 19a,Many-to-many ortholog group (35 Hill / 7 outgroup genes)
HillOR89,OR89,XM_038048767.1,XP_037904695.1,OR,CstyOR120;MdomOR47;MdomOR46;MdomOR45;MdomOR48;MdomOR44;DmelOR33c;MdomOR21;DmelOR33a;CstyOR111;DmelOR33b;DmelOR23a;MdomOR43;CstyOR108;CstyOR59a.1-2;DmelOR59a;MdomOR4;CstyOR2a;DmelOR2a;DmelOR19b;DmelOR19a;MdomOR6;MdomOR5;MdomOR81;MdomOR8;MdomOR10;MdomOR9;CstyOR7a.2;DmelOR7a;CstyOR7a.1;CstyOR112;MdomOR22;DmelOR43b;CstyOR42b;DmelOR42a;DmelOR59c;DmelOR59b;CstyOR118;DmelOR42b;DmelOR85a;DmelOR98a;DmelOR22b;DmelOR22a,Calliphora stygia;Musca domestica;Drosophila melanogaster,117,43,100,ortholog_group,Odorant receptor 33c;Odorant receptor 33a;Odorant receptor 33b;Odorant receptor 23a;Odorant receptor 59a;Odorant receptor 2a;Putative odorant receptor 19b;Odorant receptor 19a;Odorant receptor 7a;Odorant receptor 43b;Odorant receptor 42a;Putative odorant receptor 59c;Odorant receptor 59b;Odorant receptor 42b;Odorant receptor 85a;Odorant receptor 98a;Odorant receptor 22b;Odorant receptor 22a,Many-to-many ortholog group (117 Hill / 43 outgroup genes)
HillOR90,OR90,XM_038060949.1,XP_037916877.1,OR,MdomOR81;MdomOR8;MdomOR10;MdomOR9;CstyOR7a.2;DmelOR7a;CstyOR7a.1;CstyOR112;MdomOR22;DmelOR43b;CstyOR42b;DmelOR42a;DmelOR59c;DmelOR59b;CstyOR118;DmelOR42b;DmelOR85a;DmelOR98a;DmelOR22b;DmelOR22a,Musca domestica;Calliphora stygia;Drosophila melanogaster,79,20,87,ortholog_group,Odorant receptor 7a;Odorant receptor 43b;Odorant receptor 42a;Putative odorant receptor 59c;Odorant receptor 59b;Odorant receptor 42b;Odorant receptor 85a;Odorant receptor 98a;Odorant receptor 22b;Odorant receptor 22a,Many-to-many ortholog group (79 Hill / 20 outgroup genes)
HillOR91,OR91,XM_038063157.1,XP_037919085.1,OR,MdomOR81;MdomOR8;MdomOR10;MdomOR9;CstyOR7a.2;DmelOR7a;CstyOR7a.1;CstyOR112;MdomOR22;DmelOR43b;CstyOR42b;DmelOR42a;DmelOR59c;DmelOR59b;CstyOR118;DmelOR42b;DmelOR85a;DmelOR98a;DmelOR22b;DmelOR22a,Musca domestica;Calliphora stygia;Drosophila melanogaster,79,20,87,ortholog_group,Odorant receptor 7a;Odorant receptor 43b;Odorant receptor 42a;Putative odorant receptor 59c;Odorant receptor 59b;Odorant receptor 42b;Odorant receptor 85a;Odorant receptor 98a;Odorant receptor 22b;Odorant receptor 22a,Many-to-many ortholog group (79 Hill / 20 outgroup genes)
HillOR92,OR92,XM_038061664.1,XP_037903622.1,OR,MdomOR81;MdomOR8;MdomOR10;MdomOR9;CstyOR7a.2;DmelOR7a;CstyOR7a.1;CstyOR112;MdomOR22;DmelOR43b;CstyOR42b;DmelOR42a;DmelOR59c;DmelOR59b;CstyOR118;DmelOR42b;DmelOR85a;DmelOR98a;DmelOR22b;DmelOR22a,Musca domestica;Calliphora stygia;Drosophila melanogaster,79,20,87,ortholog_group,Odorant receptor 7a;Odorant receptor 43b;Odorant receptor 42a;Putative odorant receptor 59c;Odorant receptor 59b;Odorant receptor 42b;Odorant receptor 85a;Odorant receptor 98a;Odorant receptor 22b;Odorant receptor 22a,Many-to-many ortholog group (79 Hill / 20 outgroup genes)
HillOR93,OR93,XM_038055771.1,XP_037911699.1,OR,MdomOR4;CstyOR2a;DmelOR2a;DmelOR19b;DmelOR19a;MdomOR6;MdomOR5,Musca domestica;Calliphora stygia;Drosophila melanogaster,35,7,60,ortholog_group,Odorant receptor 2a;Putative odorant receptor 19b;Odorant receptor 19a,Many-to-many ortholog group (35 Hill / 7 outgroup genes)
HillOR94,OR94,XM_038058667.1,XP_037914595.1,OR,MdomOR81;MdomOR8;MdomOR10;MdomOR9;CstyOR7a.2;DmelOR7a;CstyOR7a.1;CstyOR112;MdomOR22;DmelOR43b;CstyOR42b;DmelOR42a;DmelOR59c;DmelOR59b;CstyOR118;DmelOR42b;DmelOR85a;DmelOR98a;DmelOR22b;DmelOR22a,Musca domestica;Calliphora stygia;Drosophila melanogaster,79,20,87,ortholog_group,Odorant receptor 7a;Odorant receptor 43b;Odorant receptor 42a;Putative odorant receptor 59c;Odorant receptor 59b;Odorant receptor 42b;Odorant receptor 85a;Odorant receptor 98a;Odorant receptor 22b;Odorant receptor 22a,Many-to-many ortholog group (79 Hill / 20 outgroup genes)
HillOR95,OR95,XM_038063110.1,XP_037919038.1,OR,MdomOR81;MdomOR8;MdomOR10;MdomOR9;CstyOR7a.2;DmelOR7a;CstyOR7a.1;CstyOR112;MdomOR22;DmelOR43b;CstyOR42b;DmelOR42a;DmelOR59c;DmelOR59b;CstyOR118;DmelOR42b;DmelOR85a;DmelOR98a;DmelOR22b;DmelOR22a,Musca domestica;Calliphora stygia;Drosophila melanogaster,79,20,87,ortholog_group,Odorant receptor 7a;Odorant receptor 43b;Odorant receptor 42a;Putative odorant receptor 59c;Odorant receptor 59b;Odorant receptor 42b;Odorant receptor 85a;Odorant receptor 98a;Odorant receptor 22b;Odorant receptor 22a,Many-to-many ortholog group (79 Hill / 20 outgroup genes)
HillOR96,OR96,XM_038063076.1,XP_037919004.1,OR,MdomOR81;MdomOR8;MdomOR10;MdomOR9;CstyOR7a.2;DmelOR7a;CstyOR7a.1;CstyOR112;MdomOR22;DmelOR43b;CstyOR42b;DmelOR42a;DmelOR59c;DmelOR59b;CstyOR118;DmelOR42b;DmelOR85a;DmelOR98a;DmelOR22b;DmelOR22a,Musca domestica;Calliphora stygia;Drosophila melanogaster,79,20,87,ortholog_group,Odorant receptor 7a;Odorant receptor 43b;Odorant receptor 42a;Putative odorant receptor 59c;Odorant receptor 59b;Odorant receptor 42b;Odorant receptor 85a;Odorant receptor 98a;Odorant receptor 22b;Odorant receptor 22a,Many-to-many ortholog group (79 Hill / 20 outgroup genes)
HillOR97,OR97,XM_038063133.1,XP_037919061.1,OR,MdomOR81;MdomOR8;MdomOR10;MdomOR9;CstyOR7a.2;DmelOR7a;CstyOR7a.1;CstyOR112;MdomOR22;DmelOR43b;CstyOR42b;DmelOR42a;DmelOR59c;DmelOR59b;CstyOR118;DmelOR42b;DmelOR85a;DmelOR98a;DmelOR22b;DmelOR22a,Musca domestica;Calliphora stygia;Drosophila melanogaster,79,20,87,ortholog_group,Odorant receptor 7a;Odorant receptor 43b;Odorant receptor 42a;Putative odorant receptor 59c;Odorant receptor 59b;Odorant receptor 42b;Odorant receptor 85a;Odorant receptor 98a;Odorant receptor 22b;Odorant receptor 22a,Many-to-many ortholog group (79 Hill / 20 outgroup genes)
HillOR98,OR98,XM_038055548.1,XP_037911476.1,OR,MdomOR4;CstyOR2a;DmelOR2a;DmelOR19b;DmelOR19a;MdomOR6;MdomOR5,Musca domestica;Calliphora stygia;Drosophila melanogaster,35,7,60,ortholog_group,Odorant receptor 2a;Putative odorant receptor 19b;Odorant receptor 19a,Many-to-many ortholog group (35 Hill / 7 outgroup genes)
HillOR99,OR99,XM_038063448.1,XP_037919376.1,OR,AaegOr37;AaegOr34;DmelOR71a;MdomOR80;DmelOR94b;DmelOR94a,Aedes aegypti;Drosophila melanogaster;Musca domestica,4,6,100,ortholog_group,Putative odorant receptor 71a;Odorant receptor 94b;Odorant receptor 94a,Many-to-many ortholog group (4 Hill / 6 outgroup genes)
HillOR100,OR100,XM_038063446.1,XP_037919374.1,OR,AaegOr37;AaegOr34;DmelOR71a;MdomOR80;DmelOR94b;DmelOR94a,Aedes aegypti;Drosophila melanogaster;Musca domestica,4,6,100,ortholog_group,Putative odorant receptor 71a;Odorant receptor 94b;Odorant receptor 94a,Many-to-many ortholog group (4 Hill / 6 outgroup genes)
HillOR101,OR101,XM_038065362.1,XP_037921290.1,OR,AaegOr37;AaegOr34;DmelOR71a;MdomOR80;DmelOR94b;DmelOR94a,Aedes aegypti;Drosophila melanogaster;Musca domestica,4,6,100,ortholog_group,Putative odorant receptor 71a;Odorant receptor 94b;Odorant receptor 94a,Many-to-many ortholog group (4 Hill / 6 outgroup genes)
HillOR102,OR102,XM_038067235.1,XP_037903622.1,OR,MdomOR81;MdomOR8;MdomOR10;MdomOR9;CstyOR7a.2;DmelOR7a;CstyOR7a.1;CstyOR112;MdomOR22;DmelOR43b;CstyOR42b;DmelOR42a;DmelOR59c;DmelOR59b;CstyOR118;DmelOR42b;DmelOR85a;DmelOR98a;DmelOR22b;DmelOR22a,Musca domestica;Calliphora stygia;Drosophila melanogaster,79,20,87,ortholog_group,Odorant receptor 7a;Odorant receptor 43b;Odorant receptor 42a;Putative odorant receptor 59c;Odorant receptor 59b;Odorant receptor 42b;Odorant receptor 85a;Odorant receptor 98a;Odorant receptor 22b;Odorant receptor 22a,Many-to-many ortholog group (79 Hill / 20 outgroup genes)
HillOR103,OR103,XM_038063447.1,XP_037919375.1,OR,AaegOr37;AaegOr34;DmelOR71a;MdomOR80;DmelOR94b;DmelOR94a,Aedes aegypti;Drosophila melanogaster;Musca domestica,4,6,100,ortholog_group,Putative odorant receptor 71a;Odorant receptor 94b;Odorant receptor 94a,Many-to-many ortholog group (4 Hill / 6 outgroup genes)
HillOR104,OR104,XM_038065486.1,XP_037921414.1,OR,MdomOR4;CstyOR2a;DmelOR2a;DmelOR19b;DmelOR19a;MdomOR6;MdomOR5,Musca domestica;Calliphora stygia;Drosophila melanogaster,35,7,60,ortholog_group,Odorant receptor 2a;Putative odorant receptor 19b;Odorant receptor 19a,Many-to-many ortholog group (35 Hill / 7 outgroup genes)
HillOR105,OR105,XM_038063089.1,XP_037919017.1,OR,MdomOR81;MdomOR8;MdomOR10;MdomOR9;CstyOR7a.2;DmelOR7a;CstyOR7a.1;CstyOR112;MdomOR22;DmelOR43b;CstyOR42b;DmelOR42a;DmelOR59c;DmelOR59b;CstyOR118;DmelOR42b;DmelOR85a;DmelOR98a;DmelOR22b;DmelOR22a,Musca domestica;Calliphora stygia;Drosophila melanogaster,79,20,87,ortholog_group,Odorant receptor 7a;Odorant receptor 43b;Odorant receptor 42a;Putative odorant receptor 59c;Odorant receptor 59b;Odorant receptor 42b;Odorant receptor 85a;Odorant receptor 98a;Odorant receptor 22b;Odorant receptor 22a,Many-to-many ortholog group (79 Hill / 20 outgroup genes)
HillOR106,OR106,XM_038061678.1,XP_037903622.1,OR,MdomOR81;MdomOR8;MdomOR10;MdomOR9;CstyOR7a.2;DmelOR7a;CstyOR7a.1;CstyOR112;MdomOR22;DmelOR43b;CstyOR42b;DmelOR42a;DmelOR59c;DmelOR59b;CstyOR118;DmelOR42b;DmelOR85a;DmelOR98a;DmelOR22b;DmelOR22a,Musca domestica;Calliphora stygia;Drosophila melanogaster,79,20,87,ortholog_group,Odorant receptor 7a;Odorant receptor 43b;Odorant receptor 42a;Putative odorant receptor 59c;Odorant receptor 59b;Odorant receptor 42b;Odorant receptor 85a;Odorant receptor 98a;Odorant receptor 22b;Odorant receptor 22a,Many-to-many ortholog group (79 Hill / 20 outgroup genes)
HillOR108,OR108,XM_038061647.1,XP_037903622.1,OR,MdomOR81;MdomOR8;MdomOR10;MdomOR9;CstyOR7a.2;DmelOR7a;CstyOR7a.1;CstyOR112;MdomOR22;DmelOR43b;CstyOR42b;DmelOR42a;DmelOR59c;DmelOR59b;CstyOR118;DmelOR42b;DmelOR85a;DmelOR98a;DmelOR22b;DmelOR22a,Musca domestica;Calliphora stygia;Drosophila melanogaster,79,20,87,ortholog_group,Odorant receptor 7a;Odorant receptor 43b;Odorant receptor 42a;Putative odorant receptor 59c;Odorant receptor 59b;Odorant receptor 42b;Odorant receptor 85a;Odorant receptor 98a;Odorant receptor 22b;Odorant receptor 22a,Many-to-many ortholog group (79 Hill / 20 outgroup genes)
HillOR109,OR109,XM_038055773.1,XP_037911701.1,OR,MdomOR4;CstyOR2a;DmelOR2a;DmelOR19b;DmelOR19a;MdomOR6;MdomOR5,Musca domestica;Calliphora stygia;Drosophila melanogaster,35,7,60,ortholog_group,Odorant receptor 2a;Putative odorant receptor 19b;Odorant receptor 19a,Many-to-many ortholog group (35 Hill / 7 outgroup genes)
HillOR110,OR110,XM_038061690.1,XP_037903622.1,OR,MdomOR81;MdomOR8;MdomOR10;MdomOR9;CstyOR7a.2;DmelOR7a;CstyOR7a.1;CstyOR112;MdomOR22;DmelOR43b;CstyOR42b;DmelOR42a;DmelOR59c;DmelOR59b;CstyOR118;DmelOR42b;DmelOR85a;DmelOR98a;DmelOR22b;DmelOR22a,Musca domestica;Calliphora stygia;Drosophila melanogaster,79,20,87,ortholog_group,Odorant receptor 7a;Odorant receptor 43b;Odorant receptor 42a;Putative odorant receptor 59c;Odorant receptor 59b;Odorant receptor 42b;Odorant receptor 85a;Odorant receptor 98a;Odorant receptor 22b;Odorant receptor 22a,Many-to-many ortholog group (79 Hill / 20 outgroup genes)
HillOR111,OR111,XM_038047694.1,XP_037903622.1,OR,MdomOR81;MdomOR8;MdomOR10;MdomOR9;CstyOR7a.2;DmelOR7a;CstyOR7a.1;CstyOR112;MdomOR22;DmelOR43b;CstyOR42b;DmelOR42a;DmelOR59c;DmelOR59b;CstyOR118;DmelOR42b;DmelOR85a;DmelOR98a;DmelOR22b;DmelOR22a,Musca domestica;Calliphora stygia;Drosophila melanogaster,79,20,87,ortholog_group,Odorant receptor 7a;Odorant receptor 43b;Odorant receptor 42a;Putative odorant receptor 59c;Odorant receptor 59b;Odorant receptor 42b;Odorant receptor 85a;Odorant receptor 98a;Odorant receptor 22b;Odorant receptor 22a,Many-to-many ortholog group (79 Hill / 20 outgroup genes)
HillOR112,OR112,XM_038062292.1,XP_037918220.1,OR,MdomOR81;MdomOR8;MdomOR10;MdomOR9;CstyOR7a.2;DmelOR7a;CstyOR7a.1;CstyOR112;MdomOR22;DmelOR43b;CstyOR42b;DmelOR42a;DmelOR59c;DmelOR59b;CstyOR118;DmelOR42b;DmelOR85a;DmelOR98a;DmelOR22b;DmelOR22a,Musca domestica;Calliphora stygia;Drosophila melanogaster,79,20,87,ortholog_group,Odorant receptor 7a;Odorant receptor 43b;Odorant receptor 42a;Putative odorant receptor 59c;Odorant receptor 59b;Odorant receptor 42b;Odorant receptor 85a;Odorant receptor 98a;Odorant receptor 22b;Odorant receptor 22a,Many-to-many ortholog group (79 Hill / 20 outgroup genes)
HillOR113,OR113,XM_038063099.1,XP_037919027.1,OR,MdomOR81;MdomOR8;MdomOR10;MdomOR9;CstyOR7a.2;DmelOR7a;CstyOR7a.1;CstyOR112;MdomOR22;DmelOR43b;CstyOR42b;DmelOR42a;DmelOR59c;DmelOR59b;CstyOR118;DmelOR42b;DmelOR85a;DmelOR98a;DmelOR22b;DmelOR22a,Musca domestica;Calliphora stygia;Drosophila melanogaster,79,20,87,ortholog_group,Odorant receptor 7a;Odorant receptor 43b;Odorant receptor 42a;Putative odorant receptor 59c;Odorant receptor 59b;Odorant receptor 42b;Odorant receptor 85a;Odorant receptor 98a;Odorant receptor 22b;Odorant receptor 22a,Many-to-many ortholog group (79 Hill / 20 outgroup genes)
HillOR114,OR114,XM_038056101.1,XP_037912029.1,OR,MdomOR4;CstyOR2a;DmelOR2a;DmelOR19b;DmelOR19a;MdomOR6;MdomOR5,Musca domestica;Calliphora stygia;Drosophila melanogaster,35,7,60,ortholog_group,Odorant receptor 2a;Putative odorant receptor 19b;Odorant receptor 19a,Many-to-many ortholog group (35 Hill / 7 outgroup genes)
HillOR115,OR115,XM_038061038.1,XP_037916966.1,OR,AaegOr37;AaegOr34;DmelOR71a;MdomOR80;DmelOR94b;DmelOR94a,Aedes aegypti;Drosophila melanogaster;Musca domestica,6,6,90,ortholog_group,Putative odorant receptor 71a;Odorant receptor 94b;Odorant receptor 94a,Many-to-many ortholog group (6 Hill / 6 outgroup genes)
HillOR116,OR116,XM_038048777.1,XP_037904705.1,OR,CstyOR120;MdomOR47;MdomOR46;MdomOR45;MdomOR48;MdomOR44;DmelOR33c;MdomOR21;DmelOR33a;CstyOR111;DmelOR33b;DmelOR23a;MdomOR43;CstyOR108;CstyOR59a.1-2;DmelOR59a;MdomOR4;CstyOR2a;DmelOR2a;DmelOR19b;DmelOR19a;MdomOR6;MdomOR5;MdomOR81;MdomOR8;MdomOR10;MdomOR9;CstyOR7a.2;DmelOR7a;CstyOR7a.1;CstyOR112;MdomOR22;DmelOR43b;CstyOR42b;DmelOR42a;DmelOR59c;DmelOR59b;CstyOR118;DmelOR42b;DmelOR85a;DmelOR98a;DmelOR22b;DmelOR22a,Calliphora stygia;Musca domestica;Drosophila melanogaster,117,43,100,ortholog_group,Odorant receptor 33c;Odorant receptor 33a;Odorant receptor 33b;Odorant receptor 23a;Odorant receptor 59a;Odorant receptor 2a;Putative odorant receptor 19b;Odorant receptor 19a;Odorant receptor 7a;Odorant receptor 43b;Odorant receptor 42a;Putative odorant receptor 59c;Odorant receptor 59b;Odorant receptor 42b;Odorant receptor 85a;Odorant receptor 98a;Odorant receptor 22b;Odorant receptor 22a,Many-to-many ortholog group (117 Hill / 43 outgroup genes)
HillOR117,OR117,XM_038061374.1,XP_037917302.1,OR,MdomOR81;MdomOR8;MdomOR10;MdomOR9;CstyOR7a.2;DmelOR7a;CstyOR7a.1;CstyOR112;MdomOR22;DmelOR43b;CstyOR42b;DmelOR42a;DmelOR59c;DmelOR59b;CstyOR118;DmelOR42b;DmelOR85a;DmelOR98a;DmelOR22b;DmelOR22a,Musca domestica;Calliphora stygia;Drosophila melanogaster,79,20,87,ortholog_group,Odorant receptor 7a;Odorant receptor 43b;Odorant receptor 42a;Putative odorant receptor 59c;Odorant receptor 59b;Odorant receptor 42b;Odorant receptor 85a;Odorant receptor 98a;Odorant receptor 22b;Odorant receptor 22a,Many-to-many ortholog group (79 Hill / 20 outgroup genes)
HillOR118,OR118,XM_038056107.1,XP_037912035.1,OR,MdomOR4;CstyOR2a;DmelOR2a;DmelOR19b;DmelOR19a;MdomOR6;MdomOR5,Musca domestica;Calliphora stygia;Drosophila melanogaster,35,7,60,ortholog_group,Odorant receptor 2a;Putative odorant receptor 19b;Odorant receptor 19a,Many-to-many ortholog group (35 Hill / 7 outgroup genes)
HillOR119,OR119,XM_038047695.1,XP_037903623.1,OR,MdomOR81;MdomOR8;MdomOR10;MdomOR9;CstyOR7a.2;DmelOR7a;CstyOR7a.1;CstyOR112;MdomOR22;DmelOR43b;CstyOR42b;DmelOR42a;DmelOR59c;DmelOR59b;CstyOR118;DmelOR42b;DmelOR85a;DmelOR98a;DmelOR22b;DmelOR22a,Musca domestica;Calliphora stygia;Drosophila melanogaster,79,20,87,ortholog_group,Odorant receptor 7a;Odorant receptor 43b;Odorant receptor 42a;Putative odorant receptor 59c;Odorant receptor 59b;Odorant receptor 42b;Odorant receptor 85a;Odorant receptor 98a;Odorant receptor 22b;Odorant receptor 22a,Many-to-many ortholog group (79 Hill / 20 outgroup genes)
HillOR120,OR120,XM_038069017.1,XP_037924945.1,OR,MdomOR81;MdomOR8;MdomOR10;MdomOR9;CstyOR7a.2;DmelOR7a;CstyOR7a.1;CstyOR112;MdomOR22;DmelOR43b;CstyOR42b;DmelOR42a;DmelOR59c;DmelOR59b;CstyOR118;DmelOR42b;DmelOR85a;DmelOR98a;DmelOR22b;DmelOR22a,Musca domestica;Calliphora stygia;Drosophila melanogaster,79,20,87,ortholog_group,Odorant receptor 7a;Odorant receptor 43b;Odorant receptor 42a;Putative odorant receptor 59c;Odorant receptor 59b;Odorant receptor 42b;Odorant receptor 85a;Odorant receptor 98a;Odorant receptor 22b;Odorant receptor 22a,Many-to-many ortholog group (79 Hill / 20 outgroup genes)
HillOR123,OR123,XM_038062748.1,XP_037918676.1,OR,MdomOR81;MdomOR8;MdomOR10;MdomOR9;CstyOR7a.2;DmelOR7a;CstyOR7a.1;CstyOR112;MdomOR22;DmelOR43b;CstyOR42b;DmelOR42a;DmelOR59c;DmelOR59b;CstyOR118;DmelOR42b;DmelOR85a;DmelOR98a;DmelOR22b;DmelOR22a,Musca domestica;Calliphora stygia;Drosophila melanogaster,79,20,87,ortholog_group,Odorant receptor 7a;Odorant receptor 43b;Odorant receptor 42a;Putative odorant receptor 59c;Odorant receptor 59b;Odorant receptor 42b;Odorant receptor 85a;Odorant receptor 98a;Odorant receptor 22b;Odorant receptor 22a,Many-to-many ortholog group (79 Hill / 20 outgroup genes)
HillOR124,OR124,XM_038062448.1,XP_037918376.1,OR,MdomOR15;DmelOR22c;MdomOR11;CstyOR10a;DmelOR10a;DmelOR45b;MdomOR16;CstyOR119;DmelOR24a,Musca domestica;Drosophila melanogaster;Calliphora stygia,2,9,100,ortholog_group,Odorant receptor 22c;Odorant receptor 10a;Odorant receptor 45b;Odorant receptor 24a,Many-to-many ortholog group (2 Hill / 9 outgroup genes)
HillOR125,OR125,XM_038061591.1,XP_037917519.1,OR,MdomOR15;DmelOR22c;MdomOR11;CstyOR10a;DmelOR10a;DmelOR45b;MdomOR16;CstyOR119;DmelOR24a,Musca domestica;Drosophila melanogaster;Calliphora stygia,2,9,100,ortholog_group,Odorant receptor 22c;Odorant receptor 10a;Odorant receptor 45b;Odorant receptor 24a,Many-to-many ortholog group (2 Hill / 9 outgroup genes)
HillOR127,OR127,XM_038062449.1,XP_037918377.1,OR,MdomOR15;DmelOR22c;MdomOR11;CstyOR10a;DmelOR10a;DmelOR45b;MdomOR16;CstyOR119;DmelOR24a,Musca domestica;Drosophila melanogaster;Calliphora stygia,3,9,96,ortholog_group,Odorant receptor 22c;Odorant receptor 10a;Odorant receptor 45b;Odorant receptor 24a,Many-to-many ortholog group (3 Hill / 9 outgroup genes)
HillOR128,OR128,XM_038061701.1,XP_037903622.1,OR,MdomOR81;MdomOR8;MdomOR10;MdomOR9;CstyOR7a.2;DmelOR7a;CstyOR7a.1;CstyOR112;MdomOR22;DmelOR43b;CstyOR42b;DmelOR42a;DmelOR59c;DmelOR59b;CstyOR118;DmelOR42b;DmelOR85a;DmelOR98a;DmelOR22b;DmelOR22a,Musca domestica;Calliphora stygia;Drosophila melanogaster,79,20,87,ortholog_group,Odorant receptor 7a;Odorant receptor 43b;Odorant receptor 42a;Putative odorant receptor 59c;Odorant receptor 59b;Odorant receptor 42b;Odorant receptor 85a;Odorant receptor 98a;Odorant receptor 22b;Odorant receptor 22a,Many-to-many ortholog group (79 Hill / 20 outgroup genes)
HillOR129,OR129,XM_038061718.1,XP_037917646.1,OR,MdomOR81;MdomOR8;MdomOR10;MdomOR9;CstyOR7a.2;DmelOR7a;CstyOR7a.1;CstyOR112;MdomOR22;DmelOR43b;CstyOR42b;DmelOR42a;DmelOR59c;DmelOR59b;CstyOR118;DmelOR42b;DmelOR85a;DmelOR98a;DmelOR22b;DmelOR22a,Musca domestica;Calliphora stygia;Drosophila melanogaster,79,20,87,ortholog_group,Odorant receptor 7a;Odorant receptor 43b;Odorant receptor 42a;Putative odorant receptor 59c;Odorant receptor 59b;Odorant receptor 42b;Odorant receptor 85a;Odorant receptor 98a;Odorant receptor 22b;Odorant receptor 22a,Many-to-many ortholog group (79 Hill / 20 outgroup genes)
HillOR130,OR130,XM_038061726.1,XP_037917654.1,OR,MdomOR81;MdomOR8;MdomOR10;MdomOR9;CstyOR7a.2;DmelOR7a;CstyOR7a.1;CstyOR112;MdomOR22;DmelOR43b;CstyOR42b;DmelOR42a;DmelOR59c;DmelOR59b;CstyOR118;DmelOR42b;DmelOR85a;DmelOR98a;DmelOR22b;DmelOR22a,Musca domestica;Calliphora stygia;Drosophila melanogaster,79,20,87,ortholog_group,Odorant receptor 7a;Odorant receptor 43b;Odorant receptor 42a;Putative odorant receptor 59c;Odorant receptor 59b;Odorant receptor 42b;Odorant receptor 85a;Odorant receptor 98a;Odorant receptor 22b;Odorant receptor 22a,Many-to-many ortholog group (79 Hill / 20 outgroup genes)
HillOR132,OR132,XM_038061711.1,XP_037917639.1,OR,MdomOR81;MdomOR8;MdomOR10;MdomOR9;CstyOR7a.2;DmelOR7a;CstyOR7a.1;CstyOR112;MdomOR22;DmelOR43b;CstyOR42b;DmelOR42a;DmelOR59c;DmelOR59b;CstyOR118;DmelOR42b;DmelOR85a;DmelOR98a;DmelOR22b;DmelOR22a,Musca domestica;Calliphora stygia;Drosophila melanogaster,79,20,87,ortholog_group,Odorant receptor 7a;Odorant receptor 43b;Odorant receptor 42a;Putative odorant receptor 59c;Odorant receptor 59b;Odorant receptor 42b;Odorant receptor 85a;Odorant receptor 98a;Odorant receptor 22b;Odorant receptor 22a,Many-to-many ortholog group (79 Hill / 20 outgroup genes)
HillOR133,OR133,XM_038070530.1,XP_037902559.1,OR,DmelOR92a;CstyOR67c;DmelOR67c,Drosophila melanogaster;Calliphora stygia,14,3,76,ortholog_group,Putative odorant receptor 92a;Odorant receptor 67c,Many-to-many ortholog group (14 Hill / 3 outgroup genes)
HillOR134,OR134,XM_038070882.1,XP_037902559.1,OR,DmelOR92a;CstyOR67c;DmelOR67c,Drosophila melanogaster;Calliphora stygia,14,3,76,ortholog_group,Putative odorant receptor 92a;Odorant receptor 67c,Many-to-many ortholog group (14 Hill / 3 outgroup genes)
HillOR135,OR135,XM_038046631.1,XP_037902559.1,OR,DmelOR92a;CstyOR67c;DmelOR67c,Drosophila melanogaster;Calliphora stygia,14,3,76,ortholog_group,Putative odorant receptor 92a;Odorant receptor 67c,Many-to-many ortholog group (14 Hill / 3 outgroup genes)
HillOR136,OR136,XM_038070392.1,XP_037902559.1,OR,DmelOR92a;CstyOR67c;DmelOR67c,Drosophila melanogaster;Calliphora stygia,14,3,76,ortholog_group,Putative odorant receptor 92a;Odorant receptor 67c,Many-to-many ortholog group (14 Hill / 3 outgroup genes)
HillOR137,OR137,XM_038054258.1,XP_037910186.1,OR,DmelOR92a;CstyOR67c;DmelOR67c,Drosophila melanogaster;Calliphora stygia,14,3,76,ortholog_group,Putative odorant receptor 92a;Odorant receptor 67c,Many-to-many ortholog group (14 Hill / 3 outgroup genes)
HillOR138,OR138,XM_038046632.1,XP_037902559.1,OR,DmelOR92a;CstyOR67c;DmelOR67c,Drosophila melanogaster;Calliphora stygia,14,3,76,ortholog_group,Putative odorant receptor 92a;Odorant receptor 67c,Many-to-many ortholog group (14 Hill / 3 outgroup genes)
HillOR139,OR139,XM_038046633.1,XP_037902559.1,OR,DmelOR92a;CstyOR67c;DmelOR67c,Drosophila melanogaster;Calliphora stygia,14,3,76,ortholog_group,Putative odorant receptor 92a;Odorant receptor 67c,Many-to-many ortholog group (14 Hill / 3 outgroup genes)
HillOR140,OR140,XM_038046627.1,XP_037902555.1,OR,DmelOR92a;CstyOR67c;DmelOR67c,Drosophila melanogaster;Calliphora stygia,14,3,76,ortholog_group,Putative odorant receptor 92a;Odorant receptor 67c,Many-to-many ortholog group (14 Hill / 3 outgroup genes)
HillOR141,OR141,XM_038051447.1,XP_037907375.1,OR,DmelOR85f;CstyOR49a;DmelOR49a;MdomOR41;MdomOR37;MdomOR38;MdomOR40;MdomOR39,Drosophila melanogaster;Calliphora stygia;Musca domestica,1,8,54,co-ortholog,Odorant receptor 85f;Odorant receptor 49a,
HillOR142,OR142,XM_038048979.1,XP_037904907.1,OR,DmelOR92a;CstyOR67c;DmelOR67c,Drosophila melanogaster;Calliphora stygia,1,3,99,co-ortholog,Putative odorant receptor 92a;Odorant receptor 67c,
HillOR143,OR143,XM_038046629.1,XP_037902557.1,OR,DmelOR92a;CstyOR67c;DmelOR67c,Drosophila melanogaster;Calliphora stygia,14,3,76,ortholog_group,Putative odorant receptor 92a;Odorant receptor 67c,Many-to-many ortholog group (14 Hill / 3 outgroup genes)
HillOR144,OR144,XM_038046628.1,XP_037902556.1,OR,DmelOR92a;CstyOR67c;DmelOR67c,Drosophila melanogaster;Calliphora stygia,14,3,76,ortholog_group,Putative odorant receptor 92a;Odorant receptor 67c,Many-to-many ortholog group (14 Hill / 3 outgroup genes)
HillOR145,OR145,XM_038054493.1,XP_037910421.1,OR,MdomOR84A,Musca domestica,1,1,99,1:1_ortholog,Unknown,
HillOR146,OR146,XM_038051804.1,XP_037907732.1,OR,DmelOR92a;CstyOR67c;DmelOR67c,Drosophila melanogaster;Calliphora stygia,14,3,76,ortholog_group,Putative odorant receptor 92a;Odorant receptor 67c,Many-to-many ortholog group (14 Hill / 3 outgroup genes)
HillOR147,OR147,XM_038056104.1,XP_037912032.1,OR,MdomOR4;CstyOR2a;DmelOR2a;DmelOR19b;DmelOR19a;MdomOR6;MdomOR5,Musca domestica;Calliphora stygia;Drosophila melanogaster,35,7,60,ortholog_group,Odorant receptor 2a;Putative odorant receptor 19b;Odorant receptor 19a,Many-to-many ortholog group (35 Hill / 7 outgroup genes)
HillOR148,OR148,XM_038061101.1,XP_037917029.1,OR,MdomOR36;MdomOR35;MdomOR34;DmelOR46aB;CstyOR46a;DmelOR46aA,Musca domestica;Drosophila melanogaster;Calliphora stygia,9,6,60,ortholog_group,"odorant receptor 46a, isoform A [Drosophila melanogaster]",Many-to-many ortholog group (9 Hill / 6 outgroup genes)
HillOR150,OR150,XM_038061013.1,XP_037916941.1,OR,MdomOR36;MdomOR35;MdomOR34;DmelOR46aB;CstyOR46a;DmelOR46aA,Musca domestica;Drosophila melanogaster;Calliphora stygia,9,6,60,ortholog_group,"odorant receptor 46a, isoform A [Drosophila melanogaster]",Many-to-many ortholog group (9 Hill / 6 outgroup genes)
HillOR151,OR151,XM_038061402.1,XP_037917330.1,OR,MdomOR36;MdomOR35;MdomOR34;DmelOR46aB;CstyOR46a;DmelOR46aA,Musca domestica;Drosophila melanogaster;Calliphora stygia,9,6,60,ortholog_group,"odorant receptor 46a, isoform A [Drosophila melanogaster]",Many-to-many ortholog group (9 Hill / 6 outgroup genes)
HillOR152,OR152,XM_038061430.1,XP_037917358.1,OR,MdomOR36;MdomOR35;MdomOR34;DmelOR46aB;CstyOR46a;DmelOR46aA,Musca domestica;Drosophila melanogaster;Calliphora stygia,9,6,60,ortholog_group,"odorant receptor 46a, isoform A [Drosophila melanogaster]",Many-to-many ortholog group (9 Hill / 6 outgroup genes)
HillOR153,OR153,XM_038061314.1,XP_037917242.1,OR,MdomOR36;MdomOR35;MdomOR34;DmelOR46aB;CstyOR46a;DmelOR46aA,Musca domestica;Drosophila melanogaster;Calliphora stygia,9,6,60,ortholog_group,"odorant receptor 46a, isoform A [Drosophila melanogaster]",Many-to-many ortholog group (9 Hill / 6 outgroup genes)
HillOR154,OR154,XM_038061459.1,XP_037917387.1,OR,MdomOR36;MdomOR35;MdomOR34;DmelOR46aB;CstyOR46a;DmelOR46aA,Musca domestica;Drosophila melanogaster;Calliphora stygia,9,6,60,ortholog_group,"odorant receptor 46a, isoform A [Drosophila melanogaster]",Many-to-many ortholog group (9 Hill / 6 outgroup genes)
HillOR155,OR155,XM_038061598.1,XP_037917526.1,OR,MdomOR36;MdomOR35;MdomOR34;DmelOR46aB;CstyOR46a;DmelOR46aA,Musca domestica;Drosophila melanogaster;Calliphora stygia,9,6,60,ortholog_group,"odorant receptor 46a, isoform A [Drosophila melanogaster]",Many-to-many ortholog group (9 Hill / 6 outgroup genes)
HillOR156,OR156,XM_038062037.1,XP_037917965.1,OR,MdomOR36;MdomOR35;MdomOR34;DmelOR46aB;CstyOR46a;DmelOR46aA,Musca domestica;Drosophila melanogaster;Calliphora stygia,9,6,60,ortholog_group,"odorant receptor 46a, isoform A [Drosophila melanogaster]",Many-to-many ortholog group (9 Hill / 6 outgroup genes)
HillOR157,OR157,XM_038056106.1,XP_037912034.1,OR,MdomOR4;CstyOR2a;DmelOR2a;DmelOR19b;DmelOR19a;MdomOR6;MdomOR5,Musca domestica;Calliphora stygia;Drosophila melanogaster,35,7,60,ortholog_group,Odorant receptor 2a;Putative odorant receptor 19b;Odorant receptor 19a,Many-to-many ortholog group (35 Hill / 7 outgroup genes)
HillOR158,OR158,XM_038065514.1,XP_037921442.1,OR,MdomOR12;CstyOR13a;DmelOR13a,Musca domestica;Calliphora stygia;Drosophila melanogaster,1,3,100,co-ortholog,Odorant receptor 13a,
HillOR159,OR159,XM_038059157.1,XP_037915085.1,OR,MdomOR69;MdomOR68;MdomOR67;DmelOR35a;CstyOR74a;DmelOR74a,Musca domestica;Drosophila melanogaster;Calliphora stygia,1,6,100,co-ortholog,Odorant receptor 35a;Odorant receptor 74a,
HillOR160,OR160,XM_038056099.1,XP_037912027.1,OR,MdomOR4;CstyOR2a;DmelOR2a;DmelOR19b;DmelOR19a;MdomOR6;MdomOR5,Musca domestica;Calliphora stygia;Drosophila melanogaster,35,7,60,ortholog_group,Odorant receptor 2a;Putative odorant receptor 19b;Odorant receptor 19a,Many-to-many ortholog group (35 Hill / 7 outgroup genes)
HillOR161,OR161,XM_038062659.1,XP_037918587.1,OR,AaegOr37;AaegOr34;DmelOR71a;MdomOR80;DmelOR94b;DmelOR94a,Aedes aegypti;Drosophila melanogaster;Musca domestica,6,6,90,ortholog_group,Putative odorant receptor 71a;Odorant receptor 94b;Odorant receptor 94a,Many-to-many ortholog group (6 Hill / 6 outgroup genes)
HillOR162,OR162,XM_038054376.1,XP_037910304.1,OR,DmelOR92a;CstyOR67c;DmelOR67c,Drosophila melanogaster;Calliphora stygia,14,3,76,ortholog_group,Putative odorant receptor 92a;Odorant receptor 67c,Many-to-many ortholog group (14 Hill / 3 outgroup genes)
HillOR163,OR163,XM_038049386.1,XP_037905313.1,OR,MdomOR1;CstyOR117,Musca domestica;Calliphora stygia,8,2,100,ortholog_group,Unknown,Many-to-many ortholog group (8 Hill / 2 outgroup genes)
HillOR164,OR164,XM_038049205.1,XP_037905133.1,OR,MdomOR1;CstyOR117,Musca domestica;Calliphora stygia,8,2,100,ortholog_group,Unknown,Many-to-many ortholog group (8 Hill / 2 outgroup genes)
HillOR165,OR165,XM_038064880.1,XP_037920808.1,OR,AaegOr22,Aedes aegypti,1,1,100,1:1_ortholog,Unknown,
HillOR166,OR166,XM_038048171.1,XP_037904099.1,OR,DmelOR83c;CstyOR67d;DmelOR67d;MdomOR54;MdomOR53;CstyOR104-105;CstyOR1159;MdomOR64;MdomOR62;MdomOR60;MdomOR63;MdomOR59;MdomOR55;MdomOR56;MdomOR57;MdomOR65;MdomOR58,Drosophila melanogaster;Calliphora stygia;Musca domestica,11,17,100,ortholog_group,Putative odorant receptor 83c;Odorant receptor 67d,Many-to-many ortholog group (11 Hill / 17 outgroup genes)
HillOR167,OR167,XM_038049167.1,XP_037905095.1,OR,DmelOR83c;CstyOR67d;DmelOR67d;MdomOR54;MdomOR53;CstyOR104-105;CstyOR1159;MdomOR64;MdomOR62;MdomOR60;MdomOR63;MdomOR59;MdomOR55;MdomOR56;MdomOR57;MdomOR65;MdomOR58,Drosophila melanogaster;Calliphora stygia;Musca domestica,11,17,100,ortholog_group,Putative odorant receptor 83c;Odorant receptor 67d,Many-to-many ortholog group (11 Hill / 17 outgroup genes)
HillOR168,OR168,XM_038064941.1,XP_037905095.1,OR,DmelOR83c;CstyOR67d;DmelOR67d;MdomOR54;MdomOR53;CstyOR104-105;CstyOR1159;MdomOR64;MdomOR62;MdomOR60;MdomOR63;MdomOR59;MdomOR55;MdomOR56;MdomOR57;MdomOR65;MdomOR58,Drosophila melanogaster;Calliphora stygia;Musca domestica,11,17,100,ortholog_group,Putative odorant receptor 83c;Odorant receptor 67d,Many-to-many ortholog group (11 Hill / 17 outgroup genes)
HillOR169,OR169,XM_038048169.1,XP_037904097.1,OR,DmelOR83c;CstyOR67d;DmelOR67d;MdomOR54;MdomOR53;CstyOR104-105;CstyOR1159;MdomOR64;MdomOR62;MdomOR60;MdomOR63;MdomOR59;MdomOR55;MdomOR56;MdomOR57;MdomOR65;MdomOR58,Drosophila melanogaster;Calliphora stygia;Musca domestica,11,17,100,ortholog_group,Putative odorant receptor 83c;Odorant receptor 67d,Many-to-many ortholog group (11 Hill / 17 outgroup genes)
HillOR170,OR170,XM_038048168.1,XP_037904096.1,OR,DmelOR83c;CstyOR67d;DmelOR67d;MdomOR54;MdomOR53;CstyOR104-105;CstyOR1159;MdomOR64;MdomOR62;MdomOR60;MdomOR63;MdomOR59;MdomOR55;MdomOR56;MdomOR57;MdomOR65;MdomOR58,Drosophila melanogaster;Calliphora stygia;Musca domestica,11,17,100,ortholog_group,Putative odorant receptor 83c;Odorant receptor 67d,Many-to-many ortholog group (11 Hill / 17 outgroup genes)
HillOR171,OR171,XM_038064944.1,XP_037905095.1,OR,DmelOR83c;CstyOR67d;DmelOR67d;MdomOR54;MdomOR53;CstyOR104-105;CstyOR1159;MdomOR64;MdomOR62;MdomOR60;MdomOR63;MdomOR59;MdomOR55;MdomOR56;MdomOR57;MdomOR65;MdomOR58,Drosophila melanogaster;Calliphora stygia;Musca domestica,11,17,100,ortholog_group,Putative odorant receptor 83c;Odorant receptor 67d,Many-to-many ortholog group (11 Hill / 17 outgroup genes)
HillOR172,OR172,XM_038064943.1,XP_037904096.1,OR,DmelOR83c;CstyOR67d;DmelOR67d;MdomOR54;MdomOR53;CstyOR104-105;CstyOR1159;MdomOR64;MdomOR62;MdomOR60;MdomOR63;MdomOR59;MdomOR55;MdomOR56;MdomOR57;MdomOR65;MdomOR58,Drosophila melanogaster;Calliphora stygia;Musca domestica,11,17,100,ortholog_group,Putative odorant receptor 83c;Odorant receptor 67d,Many-to-many ortholog group (11 Hill / 17 outgroup genes)
HillOR173,OR173,XM_038046624.1,XP_037902552.1,OR,DmelOR83c;CstyOR67d;DmelOR67d;MdomOR54;MdomOR53;CstyOR104-105;CstyOR1159;MdomOR64;MdomOR62;MdomOR60;MdomOR63;MdomOR59;MdomOR55;MdomOR56;MdomOR57;MdomOR65;MdomOR58,Drosophila melanogaster;Calliphora stygia;Musca domestica,11,17,100,ortholog_group,Putative odorant receptor 83c;Odorant receptor 67d,Many-to-many ortholog group (11 Hill / 17 outgroup genes)
HillOR174,OR174,XM_038048172.1,XP_037904100.1,OR,DmelOR83c;CstyOR67d;DmelOR67d;MdomOR54;MdomOR53;CstyOR104-105;CstyOR1159;MdomOR64;MdomOR62;MdomOR60;MdomOR63;MdomOR59;MdomOR55;MdomOR56;MdomOR57;MdomOR65;MdomOR58,Drosophila melanogaster;Calliphora stygia;Musca domestica,11,17,100,ortholog_group,Putative odorant receptor 83c;Odorant receptor 67d,Many-to-many ortholog group (11 Hill / 17 outgroup genes)
HillOR175,OR175,XM_038071199.1,XP_037927127.1,OR,DmelOR83c;CstyOR67d;DmelOR67d;MdomOR54;MdomOR53;CstyOR104-105;CstyOR1159;MdomOR64;MdomOR62;MdomOR60;MdomOR63;MdomOR59;MdomOR55;MdomOR56;MdomOR57;MdomOR65;MdomOR58,Drosophila melanogaster;Calliphora stygia;Musca domestica,11,17,100,ortholog_group,Putative odorant receptor 83c;Odorant receptor 67d,Many-to-many ortholog group (11 Hill / 17 outgroup genes)
HillOR176,OR176,XM_038048170.1,XP_037904098.1,OR,DmelOR83c;CstyOR67d;DmelOR67d;MdomOR54;MdomOR53;CstyOR104-105;CstyOR1159;MdomOR64;MdomOR62;MdomOR60;MdomOR63;MdomOR59;MdomOR55;MdomOR56;MdomOR57;MdomOR65;MdomOR58,Drosophila melanogaster;Calliphora stygia;Musca domestica,11,17,100,ortholog_group,Putative odorant receptor 83c;Odorant receptor 67d,Many-to-many ortholog group (11 Hill / 17 outgroup genes)
HillOR177,OR177,XM_038047885.1,XP_037903813.1,OR,AaegOr33,Aedes aegypti,1,1,100,1:1_ortholog,Unknown,
HillOR178,OR178,XM_038049203.1,XP_037905131.1,OR,MdomOR1;CstyOR117,Musca domestica;Calliphora stygia,8,2,100,ortholog_group,Unknown,Many-to-many ortholog group (8 Hill / 2 outgroup genes)
HillOR179,OR179,XM_038070566.1,XP_037926494.1,OR,MdomOR42;CstyOR49b;DmelOR49b;MdomOR17;MdomOR18;MdomOR19;CstyOR30a.2;CstyOR30a.1;DmelOR30a,Musca domestica;Calliphora stygia;Drosophila melanogaster,2,9,100,ortholog_group,Odorant receptor 49b;Odorant receptor 30a,Many-to-many ortholog group (2 Hill / 9 outgroup genes)
HillOR180,OR180,XM_038070993.1,XP_037926921.1,OR,MdomOR42;CstyOR49b;DmelOR49b;MdomOR17;MdomOR18;MdomOR19;CstyOR30a.2;CstyOR30a.1;DmelOR30a,Musca domestica;Calliphora stygia;Drosophila melanogaster,2,9,100,ortholog_group,Odorant receptor 49b;Odorant receptor 30a,Many-to-many ortholog group (2 Hill / 9 outgroup genes)
HillOR181,OR181,XM_038071202.1,XP_037902460.1,OR,CstyOR56a;DmelOR56a,Calliphora stygia;Drosophila melanogaster,9,2,100,ortholog_group,Odorant receptor 56a,Many-to-many ortholog group (9 Hill / 2 outgroup genes)
HillOR182,OR182,XM_038046532.1,XP_037902460.1,OR,CstyOR56a;DmelOR56a,Calliphora stygia;Drosophila melanogaster,9,2,100,ortholog_group,Odorant receptor 56a,Many-to-many ortholog group (9 Hill / 2 outgroup genes)
HillOR183,OR183,XM_038046569.1,XP_037902497.1,OR,CstyOR56a;DmelOR56a,Calliphora stygia;Drosophila melanogaster,9,2,100,ortholog_group,Odorant receptor 56a,Many-to-many ortholog group (9 Hill / 2 outgroup genes)
HillOR184,OR184,XM_038046568.1,XP_037902496.1,OR,CstyOR56a;DmelOR56a,Calliphora stygia;Drosophila melanogaster,9,2,100,ortholog_group,Odorant receptor 56a,Many-to-many ortholog group (9 Hill / 2 outgroup genes)
HillOR185,OR185,XM_038052134.1,XP_037902460.1,OR,CstyOR56a;DmelOR56a,Calliphora stygia;Drosophila melanogaster,9,2,100,ortholog_group,Odorant receptor 56a,Many-to-many ortholog group (9 Hill / 2 outgroup genes)
HillOR186,OR186,XM_038047344.1,XP_037903272.1,OR,CstyOR56a;DmelOR56a,Calliphora stygia;Drosophila melanogaster,9,2,100,ortholog_group,Odorant receptor 56a,Many-to-many ortholog group (9 Hill / 2 outgroup genes)
HillOR187,OR187,XM_038047090.1,XP_037903018.1,OR,CstyOR56a;DmelOR56a,Calliphora stygia;Drosophila melanogaster,9,2,100,ortholog_group,Odorant receptor 56a,Many-to-many ortholog group (9 Hill / 2 outgroup genes)
HillOR188,OR188,XM_038046533.1,XP_037902461.1,OR,CstyOR56a;DmelOR56a,Calliphora stygia;Drosophila melanogaster,9,2,100,ortholog_group,Odorant receptor 56a,Many-to-many ortholog group (9 Hill / 2 outgroup genes)
HillOR189,OR189,XM_038051924.1,XP_037907852.1,OR,CstyOR56a;DmelOR56a,Calliphora stygia;Drosophila melanogaster,9,2,100,ortholog_group,Odorant receptor 56a,Many-to-many ortholog group (9 Hill / 2 outgroup genes)
HillOR190,OR190,XM_038049204.1,XP_037905132.1,OR,MdomOR1;CstyOR117,Musca domestica;Calliphora stygia,8,2,100,ortholog_group,Unknown,Many-to-many ortholog group (8 Hill / 2 outgroup genes)
HillOR191,OR191,XM_038049385.1,XP_037905313.1,OR,MdomOR1;CstyOR117,Musca domestica;Calliphora stygia,8,2,100,ortholog_group,Unknown,Many-to-many ortholog group (8 Hill / 2 outgroup genes)
HillOR192,OR192,XM_038049202.1,XP_037905130.1,OR,MdomOR1;CstyOR117,Musca domestica;Calliphora stygia,8,2,100,ortholog_group,Unknown,Many-to-many ortholog group (8 Hill / 2 outgroup genes)
HillOR193,OR193,XM_038049201.1,XP_037905129.1,OR,MdomOR1;CstyOR117,Musca domestica;Calliphora stygia,8,2,100,ortholog_group,Unknown,Many-to-many ortholog group (8 Hill / 2 outgroup genes)
HillOR194,OR194,XM_038049387.1,XP_037905315.1,OR,MdomOR1;CstyOR117,Musca domestica;Calliphora stygia,8,2,100,ortholog_group,Unknown,Many-to-many ortholog group (8 Hill / 2 outgroup genes)
HillOR195,OR195,XM_038047108.1,XP_037903036.1,OR,DmelOR92a;CstyOR67c;DmelOR67c,Drosophila melanogaster;Calliphora stygia,14,3,76,ortholog_group,Putative odorant receptor 92a;Odorant receptor 67c,Many-to-many ortholog group (14 Hill / 3 outgroup genes)
HillOR196,OR196,XM_038061169.1,XP_037917097.1,OR,MdomOR36;MdomOR35;MdomOR34;DmelOR46aB;CstyOR46a;DmelOR46aA,Musca domestica;Drosophila melanogaster;Calliphora stygia,9,6,60,ortholog_group,"odorant receptor 46a, isoform A [Drosophila melanogaster]",Many-to-many ortholog group (9 Hill / 6 outgroup genes)
HillOR197,OR197,XM_038051575.1,XP_037907503.1,OR,MdomOR49;DmelOR63a;DmelOR67b;MdomOR50;CstyOR63a;MdomOR52;MdomOR51,Musca domestica;Drosophila melanogaster;Calliphora stygia,2,7,100,ortholog_group,Odorant receptor 63a;Odorant receptor 67b,Many-to-many ortholog group (2 Hill / 7 outgroup genes)
HillOR198,OR198,XM_038051583.1,XP_037907511.1,OR,MdomOR49;DmelOR63a;DmelOR67b;MdomOR50;CstyOR63a;MdomOR52;MdomOR51,Musca domestica;Drosophila melanogaster;Calliphora stygia,2,7,100,ortholog_group,Odorant receptor 63a;Odorant receptor 67b,Many-to-many ortholog group (2 Hill / 7 outgroup genes)
HillOR199,OR199,XM_038067027.1,XP_037922955.1,OR,MdomOR78;DmelOR85e,Musca domestica;Drosophila melanogaster,2,2,100,ortholog_group,Putative odorant receptor 85e,Many-to-many ortholog group (2 Hill / 2 outgroup genes)
HillOR200,OR200,XM_038067026.1,XP_037922954.1,OR,MdomOR78;DmelOR85e,Musca domestica;Drosophila melanogaster,2,2,100,ortholog_group,Putative odorant receptor 85e,Many-to-many ortholog group (2 Hill / 2 outgroup genes)
HillOR201,OR201,XM_038067029.1,XP_037922957.1,OR,MdomOR78;DmelOR85e,Musca domestica;Drosophila melanogaster,3,2,92,ortholog_group,Putative odorant receptor 85e,Many-to-many ortholog group (3 Hill / 2 outgroup genes)
HillORco,ORco,XM_038066019.1,XP_037921947.1,OR,DmelOR83b;MdomORco;CstyORco,Drosophila melanogaster;Musca domestica;Calliphora stygia,2,3,98,ortholog_group,Odorant receptor coreceptor,Groups with Orco ortholog — putative co-receptor
HillORco2,ORco2,XM_038066018.1,XP_037921946.1,OR,DmelOR83b;MdomORco;CstyORco,Drosophila melanogaster;Musca domestica;Calliphora stygia,2,3,98,ortholog_group,Odorant receptor coreceptor,Groups with Orco ortholog — putative co-receptor
